status,month,credit_history,purpose,credit_amount,savings,employment,investment_as_income_percentage,other_debtors,residence_since,property,age,installment_plans,housing,number_of_credits,skill_level,people_liable_for,telephone,foreign_worker,sex,output,decision
A14,3,A33,A48,11297,A61,A71,3,A103,1,A122,1,A143,A153,1,A171,2,A192,A201,A91,0.5491556118980392,1
A14,3,A33,A48,11297,A61,A71,3,A103,1,A122,0,A143,A153,1,A171,2,A192,A201,A91,0.49749619371470927,0
A11,0,A30,A45,8303,A65,A71,4,A101,4,A122,0,A142,A152,4,A174,1,A192,A201,A92,0.4699371371425906,0
A11,0,A30,A45,8303,A65,A71,4,A101,4,A122,1,A142,A152,4,A174,1,A192,A201,A92,0.5217058495452106,1
A14,4,A33,A49,15013,A63,A71,2,A103,1,A121,0,A143,A153,4,A174,2,A191,A202,A91,0.44838580039252274,0
A14,4,A33,A49,15013,A63,A71,2,A103,1,A121,1,A143,A153,4,A174,2,A191,A202,A91,0.5000200122594727,1
A14,14,A34,A45,14000,A65,A71,1,A101,1,A121,1,A142,A151,1,A174,1,A192,A202,A92,0.5000310391187269,1
A14,14,A34,A45,14000,A65,A71,1,A101,1,A121,0,A142,A151,1,A174,1,A192,A202,A92,0.4483965918337815,0
A13,7,A33,A41,2355,A63,A72,1,A101,4,A123,1,A141,A151,1,A172,2,A192,A201,A92,0.5002103447790034,1
A13,7,A33,A41,2355,A63,A72,1,A101,4,A123,0,A141,A151,1,A172,2,A192,A201,A92,0.4485741268557272,0
A13,3,A33,A41,2676,A65,A72,4,A101,1,A123,0,A142,A151,1,A171,1,A192,A201,A92,0.44839199219713854,0
A13,3,A33,A41,2676,A65,A72,4,A101,1,A123,1,A142,A151,1,A171,1,A192,A201,A92,0.5000262707471606,1
A14,0,A34,A49,18300,A65,A71,1,A103,1,A121,1,A143,A153,1,A174,1,A192,A202,A91,0.5508813036836367,1
A14,0,A34,A49,18300,A65,A71,1,A103,1,A121,0,A143,A153,1,A174,1,A192,A202,A91,0.49923919200009664,0
A13,7,A34,A40,10999,A65,A74,1,A101,1,A121,1,A142,A153,4,A173,1,A191,A202,A91,0.5015381973139253,1
A13,7,A34,A40,10999,A65,A74,1,A101,1,A121,0,A142,A153,4,A173,1,A191,A202,A91,0.449888160620925,0
A11,2,A33,A45,8284,A63,A71,2,A101,1,A122,1,A141,A151,2,A171,1,A191,A202,A91,0.5473560226637141,1
A11,2,A33,A45,8284,A63,A71,2,A101,1,A122,0,A141,A151,2,A171,1,A191,A202,A91,0.49567982874925315,0
A14,2,A34,A41,16375,A63,A71,1,A101,1,A121,1,A143,A153,3,A171,2,A192,A202,A91,0.5042552963661618,1
A14,2,A34,A41,16375,A63,A71,1,A101,1,A121,0,A143,A153,3,A171,2,A192,A202,A91,0.4525796213971048,0
A13,31,A33,A40,287,A61,A72,4,A101,2,A123,1,A141,A151,4,A171,2,A191,A201,A92,0.5157611363807217,1
A13,31,A33,A40,287,A61,A72,4,A101,2,A123,0,A141,A151,4,A171,2,A191,A201,A92,0.4999973326921463,0
A11,5,A30,A43,8500,A65,A71,3,A103,1,A122,1,A143,A153,4,A174,1,A191,A201,A92,0.5502433895903068,1
A11,5,A30,A43,8500,A65,A71,3,A103,1,A122,0,A143,A153,4,A174,1,A191,A201,A92,0.49859486890196336,0
A14,6,A34,A48,9898,A63,A74,3,A103,4,A122,1,A143,A153,1,A171,2,A191,A201,A92,0.5510167349813302,1
A14,6,A34,A48,9898,A63,A74,3,A103,4,A122,0,A143,A153,1,A171,2,A191,A201,A92,0.4993761632103266,0
A13,3,A33,A49,7952,A63,A71,1,A102,4,A121,1,A143,A151,3,A171,2,A191,A201,A91,0.500006332993507,1
A13,3,A33,A49,7952,A63,A71,1,A102,4,A121,0,A143,A151,3,A171,2,A191,A201,A91,0.4483723259015893,0
A13,0,A30,A410,10300,A65,A71,1,A101,1,A121,0,A143,A151,4,A171,1,A191,A202,A91,0.4961768388802481,0
A13,0,A30,A410,10300,A65,A71,1,A101,1,A121,1,A143,A151,4,A171,1,A191,A202,A91,0.5478487377756426,1
A14,10,A34,A40,9577,A65,A71,1,A101,4,A122,1,A142,A151,3,A172,1,A191,A201,A92,0.5008377872017573,1
A14,10,A34,A40,9577,A65,A71,1,A101,4,A122,0,A142,A151,3,A172,1,A191,A201,A92,0.44919505670578763,0
A14,23,A30,A40,7397,A65,A71,4,A103,4,A122,1,A141,A152,4,A174,1,A192,A201,A92,0.5014149657862088,1
A14,23,A30,A40,7397,A65,A71,4,A103,4,A122,0,A141,A152,4,A174,1,A192,A201,A92,0.4497662278818298,0
A13,2,A33,A41,3405,A65,A72,2,A103,3,A121,0,A141,A151,1,A173,2,A191,A201,A92,0.4999893903732316,0
A13,2,A33,A41,3405,A65,A72,2,A103,3,A121,1,A141,A151,1,A173,2,A191,A201,A92,0.5516235020267142,1
A14,1,A33,A48,7044,A65,A72,4,A102,4,A121,1,A141,A151,3,A171,2,A191,A201,A92,0.5201552459280475,1
A14,1,A33,A48,7044,A65,A72,4,A102,4,A121,0,A141,A151,3,A171,2,A191,A201,A92,0.468389660387367,0
A13,3,A34,A40,11679,A63,A71,3,A103,2,A121,1,A143,A153,1,A171,1,A191,A202,A91,0.5000027269124985,1
A13,3,A34,A40,11679,A63,A71,3,A103,2,A121,0,A143,A153,1,A171,1,A191,A202,A91,0.4483685813628623,0
A11,0,A34,A49,15800,A65,A71,1,A101,1,A121,1,A143,A153,4,A174,1,A192,A202,A91,0.5469878137025563,1
A11,0,A34,A49,15800,A65,A71,1,A101,1,A121,0,A143,A153,4,A174,1,A192,A202,A91,0.4953080451904067,0
A14,8,A33,A40,7701,A61,A72,3,A102,4,A121,1,A143,A151,1,A171,2,A192,A201,A92,0.5091537886119979,1
A14,8,A33,A40,7701,A61,A72,3,A102,4,A121,0,A143,A151,1,A171,2,A192,A201,A92,0.4574392662559023,0
A14,0,A34,A49,19200,A65,A71,1,A103,1,A121,1,A143,A153,4,A174,1,A192,A202,A91,0.5126901875078171,1
A14,0,A34,A49,19200,A65,A71,1,A103,1,A121,0,A143,A153,4,A174,1,A192,A202,A91,0.46095373129501005,0
A11,21,A33,A40,3299,A63,A72,1,A101,4,A121,0,A142,A151,1,A171,2,A191,A201,A92,0.4493914545844513,0
A11,21,A33,A40,3299,A63,A72,1,A101,4,A121,1,A142,A151,1,A171,2,A191,A201,A92,0.5010362848702582,1
A13,14,A33,A40,4299,A63,A72,4,A103,1,A121,1,A142,A151,1,A171,1,A191,A202,A92,0.5048280645794069,1
A13,14,A33,A40,4299,A63,A72,4,A103,1,A121,0,A142,A151,1,A171,1,A191,A202,A92,0.45314741987892027,0
A14,0,A33,A40,6786,A63,A71,3,A101,1,A123,0,A141,A151,2,A171,2,A192,A201,A92,0.44838556451456807,0
A14,0,A33,A40,6786,A63,A71,3,A101,1,A123,1,A141,A151,2,A171,2,A192,A201,A92,0.5000197738408939,1
A14,0,A34,A49,16508,A63,A74,1,A103,1,A122,1,A143,A153,3,A172,1,A191,A202,A91,0.50011955201398,1
A14,0,A34,A49,16508,A63,A74,1,A103,1,A122,0,A143,A153,3,A172,1,A191,A202,A91,0.44848416352218295,0
A14,0,A34,A49,11395,A61,A71,4,A103,4,A123,1,A143,A153,1,A171,2,A192,A201,A92,0.5515964202398096,1
A14,0,A34,A49,11395,A61,A71,4,A103,4,A123,0,A143,A153,1,A171,2,A192,A201,A92,0.4999619573355455,0
A11,0,A33,A46,11855,A65,A71,2,A101,4,A121,0,A141,A153,1,A171,1,A192,A202,A92,0.44838615420949834,0
A11,0,A33,A46,11855,A65,A71,2,A101,4,A121,1,A141,A153,1,A171,1,A192,A202,A92,0.5000204294919854,1
A11,10,A34,A44,10544,A65,A71,1,A101,4,A121,1,A142,A152,4,A174,2,A191,A201,A91,0.5000154227018307,1
A11,10,A34,A44,10544,A65,A71,1,A101,4,A121,0,A142,A152,4,A174,2,A191,A201,A91,0.44838114180721717,0
A13,36,A30,A41,598,A63,A72,3,A102,1,A122,1,A141,A151,4,A171,1,A191,A201,A92,0.5156853868038118,1
A13,36,A30,A41,598,A63,A72,3,A102,1,A122,0,A141,A151,4,A171,1,A191,A201,A92,0.4999215006834758,0
A14,13,A34,A40,10699,A65,A71,4,A103,4,A122,1,A141,A153,1,A172,2,A192,A201,A91,0.5002818554341265,1
A14,13,A34,A40,10699,A65,A71,4,A103,4,A122,0,A141,A153,1,A172,2,A192,A201,A91,0.4486448673503181,0
A14,3,A34,A49,18151,A65,A71,1,A103,4,A121,1,A143,A153,3,A174,1,A191,A202,A91,0.5002212375258067,1
A14,3,A34,A49,18151,A65,A71,1,A103,4,A121,0,A143,A153,3,A174,1,A191,A202,A91,0.4485847717076061,0
A14,0,A34,A49,15211,A63,A71,1,A101,4,A121,1,A143,A153,2,A174,1,A192,A201,A91,0.5000192970037365,1
A14,0,A34,A49,15211,A63,A71,1,A101,4,A121,0,A143,A153,2,A174,1,A192,A201,A91,0.44838503378925487,0
A14,80,A30,A40,492,A61,A72,3,A101,1,A123,0,A141,A151,4,A172,1,A192,A201,A92,0.4999720454216295,0
A14,80,A30,A40,492,A61,A72,3,A101,1,A123,1,A141,A151,4,A172,1,A192,A201,A92,0.5157358741967132,1
A14,0,A34,A48,18575,A65,A71,1,A103,1,A122,1,A143,A153,4,A171,1,A192,A202,A91,0.5000294297933239,1
A14,0,A34,A48,18575,A65,A71,1,A103,1,A122,0,A143,A153,4,A171,1,A192,A202,A91,0.44839511759030637,0
A13,10,A34,A40,3696,A65,A72,3,A101,4,A121,1,A141,A151,3,A172,2,A191,A201,A91,0.5516280131710561,1
A13,10,A34,A40,3696,A65,A72,3,A101,4,A121,0,A141,A151,3,A172,2,A191,A201,A91,0.4999939501285556,0
A11,4,A33,A40,4799,A65,A72,4,A101,4,A121,1,A141,A151,1,A171,2,A192,A201,A92,0.5002473443544803,1
A11,4,A33,A40,4799,A65,A72,4,A101,4,A121,0,A141,A151,1,A171,2,A192,A201,A92,0.44861066159934654,0
A14,2,A34,A49,19113,A65,A71,1,A103,3,A121,1,A143,A153,3,A174,2,A192,A202,A91,0.5006238069873974,1
A14,2,A34,A49,19113,A65,A71,1,A103,3,A121,0,A143,A153,3,A174,2,A192,A202,A91,0.4489832355266145,0
A13,8,A33,A49,5,A61,A72,4,A101,3,A123,0,A141,A151,3,A171,1,A191,A202,A92,0.5086536408161442,1
A13,8,A33,A49,5,A61,A72,4,A101,3,A123,1,A141,A151,3,A171,1,A191,A202,A92,0.48523280467030794,0
A14,0,A33,A49,13868,A65,A72,3,A102,2,A122,0,A143,A152,4,A174,1,A192,A202,A91,0.4483869797826446,0
A14,0,A33,A49,13868,A65,A72,3,A102,2,A122,1,A143,A152,4,A174,1,A192,A202,A91,0.5000213831663002,1
A13,1,A30,A43,4599,A65,A72,1,A101,4,A123,1,A141,A151,1,A171,2,A192,A201,A92,0.5186690136547726,1
A13,1,A30,A43,4599,A65,A72,1,A101,4,A123,0,A141,A151,1,A171,2,A192,A201,A92,0.4669074604735753,0
A13,6,A30,A410,1973,A65,A72,4,A101,2,A122,1,A142,A151,1,A172,2,A191,A201,A92,0.5515975554106756,1
A13,6,A30,A410,1973,A65,A72,4,A101,2,A122,0,A142,A151,1,A172,2,A191,A201,A92,0.49996317923075656,0
A11,0,A33,A410,6848,A65,A72,4,A101,4,A121,1,A143,A151,1,A173,1,A192,A201,A92,0.5000271946191519,1
A11,0,A33,A410,6848,A65,A72,4,A101,4,A121,0,A143,A151,1,A173,1,A192,A201,A92,0.4483928767419611,0
A11,2,A30,A46,11406,A61,A71,1,A103,3,A123,0,A142,A153,4,A172,1,A192,A201,A91,0.44860523590420137,0
A11,2,A30,A46,11406,A61,A71,1,A103,3,A123,1,A142,A153,4,A172,1,A192,A201,A91,0.5002419203331041,1
A14,13,A30,A40,7114,A61,A72,4,A101,4,A121,1,A143,A151,1,A171,2,A192,A201,A92,0.5069641288336089,1
A14,13,A30,A40,7114,A61,A72,4,A101,4,A121,0,A143,A151,1,A171,2,A192,A201,A92,0.4552658462746013,0
A13,6,A33,A40,991,A65,A72,4,A101,4,A121,1,A141,A151,4,A171,1,A191,A201,A92,0.5492119909201892,1
A13,6,A33,A40,991,A65,A72,4,A101,4,A121,0,A141,A151,4,A171,1,A191,A201,A92,0.4975531296560809,0
A11,1,A30,A48,11524,A61,A71,1,A102,4,A122,0,A143,A151,4,A174,1,A192,A201,A91,0.44996239119459924,0
A11,1,A30,A48,11524,A61,A71,1,A102,4,A122,1,A143,A151,4,A174,1,A192,A201,A91,0.5016131196082223,1
A11,0,A34,A46,17426,A65,A71,1,A103,4,A121,1,A143,A153,4,A174,1,A192,A202,A91,0.5000409930943525,1
A11,0,A34,A46,17426,A65,A71,1,A103,4,A121,0,A143,A153,4,A174,1,A192,A202,A91,0.44840655774345894,0
A14,5,A30,A49,14700,A65,A71,1,A102,1,A123,1,A143,A152,4,A174,1,A192,A202,A91,0.54912958016851,1
A14,5,A30,A49,14700,A65,A71,1,A102,1,A123,0,A143,A152,4,A174,1,A192,A202,A91,0.4974697299230956,0
A14,1,A33,A43,6639,A65,A72,4,A101,4,A123,1,A141,A152,4,A171,2,A192,A201,A92,0.5008592150098424,1
A14,1,A33,A43,6639,A65,A72,4,A101,4,A123,0,A141,A152,4,A171,2,A192,A201,A92,0.44921620444463073,0
A14,56,A33,A40,3390,A63,A74,1,A103,3,A123,1,A143,A151,2,A174,2,A191,A202,A92,0.551577063282436,1
A14,56,A33,A40,3390,A63,A74,1,A103,3,A123,0,A143,A151,2,A174,2,A191,A202,A92,0.4999424517157235,0
A13,0,A34,A49,14402,A61,A72,1,A103,1,A121,1,A143,A153,4,A174,1,A192,A202,A91,0.5000061243772503,1
A13,0,A34,A49,14402,A61,A72,1,A103,1,A121,0,A143,A153,4,A174,1,A192,A202,A91,0.44837176569463577,0
A11,29,A33,A40,5188,A63,A72,3,A102,4,A121,1,A142,A151,2,A171,2,A192,A202,A92,0.5046906734225458,1
A11,29,A33,A40,5188,A63,A72,3,A102,4,A121,0,A142,A151,2,A171,2,A192,A202,A92,0.45301121150647894,0
A13,3,A34,A49,12226,A61,A71,1,A101,2,A121,1,A141,A153,4,A174,1,A191,A202,A91,0.5000375360249768,1
A13,3,A34,A49,12226,A61,A71,1,A101,2,A121,0,A141,A153,4,A174,1,A191,A202,A91,0.4484032554256025,0
A14,8,A34,A45,7800,A63,A74,3,A101,1,A123,0,A141,A153,4,A171,2,A192,A201,A92,0.4947211468718848,0
A14,8,A34,A45,7800,A63,A74,3,A101,1,A123,1,A141,A153,4,A171,2,A192,A201,A92,0.5464058289751903,1
A13,2,A33,A40,8621,A65,A71,1,A101,1,A121,1,A141,A151,3,A171,2,A192,A202,A92,0.5000017732381821,1
A13,2,A33,A40,8621,A65,A71,1,A101,1,A121,0,A141,A151,3,A171,2,A192,A202,A92,0.4483676968270098,0
A13,0,A34,A49,11700,A65,A74,1,A101,1,A121,1,A143,A151,4,A174,1,A191,A202,A91,0.5420425711237623,1
A13,0,A34,A49,11700,A65,A74,1,A101,1,A121,0,A143,A151,4,A174,1,A191,A202,A91,0.49032431945374155,0
A13,0,A30,A49,9984,A65,A74,4,A103,4,A122,0,A143,A153,1,A174,2,A191,A202,A92,0.46125800834744585,0
A13,0,A30,A49,9984,A65,A74,4,A103,4,A122,1,A143,A153,1,A174,2,A191,A202,A92,0.5129959958450847,1
A14,0,A34,A49,13600,A61,A74,1,A102,1,A123,1,A143,A153,3,A174,1,A192,A201,A91,0.5281957009173224,1
A14,0,A34,A49,13600,A61,A74,1,A102,1,A123,0,A143,A153,3,A174,1,A192,A201,A91,0.47642423324801175,0
A14,0,A34,A49,19373,A65,A71,1,A103,4,A121,1,A143,A153,4,A174,2,A192,A202,A91,0.5000096410512912,1
A14,0,A34,A49,19373,A65,A71,1,A103,4,A121,0,A143,A153,4,A174,2,A192,A202,A91,0.448375657661441,0
A11,2,A33,A49,13169,A65,A74,1,A103,4,A121,1,A143,A151,4,A174,1,A191,A202,A91,0.5000076740980143,1
A11,2,A33,A49,13169,A65,A74,1,A103,4,A121,0,A143,A151,4,A174,1,A191,A202,A91,0.44837341683129595,0
A14,0,A30,A40,12704,A61,A71,1,A103,1,A121,1,A143,A153,4,A174,2,A191,A201,A92,0.5000418871640179,1
A14,0,A30,A40,12704,A61,A71,1,A103,1,A121,0,A143,A153,4,A174,2,A191,A201,A92,0.4484073833236339,0
A13,24,A33,A44,5299,A63,A72,1,A101,1,A121,1,A142,A151,1,A171,1,A192,A202,A92,0.5016962671768468,1
A13,24,A33,A44,5299,A63,A72,1,A101,1,A121,0,A142,A151,1,A171,1,A192,A202,A92,0.4500447673167937,0
A11,0,A34,A49,17610,A65,A71,1,A103,2,A121,1,A143,A153,3,A174,2,A192,A202,A91,0.5000076144933695,1
A11,0,A34,A49,17610,A65,A71,1,A103,2,A121,0,A143,A153,3,A174,2,A192,A202,A91,0.44837353476967245,0
A13,25,A33,A41,1332,A63,A72,3,A102,2,A123,0,A141,A153,2,A174,2,A191,A202,A92,0.49997888505460086,0
A13,25,A33,A41,1332,A63,A72,3,A102,2,A123,1,A141,A153,2,A174,2,A191,A202,A92,0.5516131160428245,1
A13,26,A33,A40,2000,A63,A72,2,A101,1,A123,1,A141,A151,4,A171,2,A192,A202,A91,0.5501417552037712,1
A13,26,A33,A40,2000,A63,A72,2,A101,1,A123,0,A141,A151,4,A171,2,A192,A202,A91,0.498492141168759,0
A13,0,A33,A49,5600,A63,A72,2,A102,1,A122,1,A143,A152,4,A174,1,A192,A201,A92,0.5492556633185828,1
A13,0,A33,A49,5600,A63,A72,2,A102,1,A122,0,A143,A152,4,A174,1,A192,A201,A92,0.4975972211550083,0
A11,12,A33,A40,6099,A65,A74,3,A102,4,A121,1,A142,A152,1,A171,2,A191,A201,A91,0.5204574488330054,1
A11,12,A33,A40,6099,A65,A74,3,A102,4,A121,0,A142,A152,1,A171,2,A191,A201,A91,0.4686912235932032,0
A14,0,A34,A49,18903,A61,A71,1,A103,1,A121,1,A143,A153,1,A171,1,A192,A202,A91,0.5000096410512912,1
A14,0,A34,A49,18903,A61,A71,1,A103,1,A121,0,A143,A153,1,A171,1,A192,A202,A91,0.44837553972296007,0
A13,0,A34,A49,15704,A65,A71,1,A103,1,A121,1,A143,A153,3,A171,2,A192,A202,A91,0.5011855192618204,1
A13,0,A34,A49,15704,A65,A71,1,A103,1,A121,0,A143,A153,3,A171,2,A192,A202,A91,0.44953928326802967,0
A11,20,A34,A41,4856,A65,A72,4,A102,1,A123,1,A141,A151,4,A173,1,A191,A202,A92,0.5505042565470536,1
A11,20,A34,A41,4856,A65,A72,4,A102,1,A123,0,A141,A151,4,A173,1,A191,A202,A92,0.4988583197169569,0
A13,9,A33,A48,6184,A61,A72,3,A101,4,A121,1,A141,A153,3,A174,1,A192,A202,A92,0.5516185928305719,1
A13,9,A33,A48,6184,A61,A72,3,A101,4,A121,0,A141,A153,3,A174,1,A192,A202,A92,0.49998436868191276,0
A13,0,A33,A44,1576,A63,A72,3,A101,3,A123,0,A141,A151,2,A171,2,A191,A201,A91,0.4999594539404804,0
A13,0,A33,A44,1576,A63,A72,3,A101,3,A123,1,A141,A151,2,A171,2,A191,A201,A91,0.5515938845315178,1
A13,4,A34,A46,10499,A65,A71,1,A103,4,A122,1,A141,A153,1,A171,2,A192,A201,A91,0.5016354711141238,1
A13,4,A34,A46,10499,A65,A71,1,A103,4,A122,0,A141,A153,1,A171,2,A192,A201,A91,0.44998457818980603,0
A13,3,A34,A41,11124,A63,A74,1,A101,2,A122,1,A142,A153,4,A174,2,A192,A202,A91,0.5000130385160416,1
A13,3,A34,A41,11124,A63,A74,1,A101,2,A122,0,A142,A153,4,A174,2,A192,A202,A91,0.44837878303330175,0
A14,3,A34,A410,7400,A63,A71,4,A101,1,A123,0,A141,A152,1,A172,2,A192,A201,A92,0.49858071291175815,0
A14,3,A34,A410,7400,A63,A71,4,A101,1,A123,1,A141,A152,1,A172,2,A192,A201,A92,0.550229494396105,1
A13,12,A30,A40,5799,A63,A71,1,A103,4,A121,0,A141,A151,1,A171,2,A192,A201,A92,0.4528578784255697,0
A13,12,A30,A40,5799,A63,A71,1,A103,4,A121,1,A141,A151,1,A171,2,A192,A201,A92,0.5045360125382576,1
A13,1,A34,A46,15322,A65,A71,1,A103,1,A121,1,A143,A153,1,A171,2,A192,A202,A91,0.5000210851430767,1
A13,1,A34,A46,15322,A65,A71,1,A103,1,A121,0,A143,A153,1,A171,2,A192,A202,A91,0.4483869797826446,0
A14,1,A30,A49,15499,A65,A71,3,A103,4,A122,1,A143,A153,1,A171,2,A192,A202,A92,0.501724936675406,1
A14,1,A30,A49,15499,A65,A71,3,A103,4,A122,0,A143,A153,1,A171,2,A192,A202,A92,0.45007315112832313,0
A14,0,A33,A48,13299,A63,A71,2,A102,1,A121,1,A142,A151,4,A173,2,A191,A202,A91,0.5007828914681638,1
A14,0,A33,A48,13299,A63,A71,2,A102,1,A121,0,A142,A151,4,A173,2,A191,A202,A91,0.44914049225880287,0
A14,0,A34,A49,18009,A61,A71,1,A102,3,A121,1,A142,A153,3,A174,1,A192,A202,A91,0.5000350326299094,1
A14,0,A34,A49,18009,A61,A71,1,A102,3,A121,0,A142,A153,3,A174,1,A192,A202,A91,0.4484007786901959,0
A14,11,A34,A41,8899,A61,A72,1,A103,4,A121,1,A141,A151,3,A171,2,A191,A201,A92,0.5003410428233546,1
A14,11,A34,A41,8899,A61,A72,1,A103,4,A121,0,A141,A151,3,A171,2,A191,A201,A92,0.4487034310827385,0
A13,0,A30,A49,8199,A65,A71,4,A103,4,A123,0,A143,A153,2,A174,1,A192,A201,A92,0.4684766034589485,0
A13,0,A30,A49,8199,A65,A71,4,A103,4,A123,1,A143,A153,2,A174,1,A192,A201,A92,0.5202423944738583,1
A13,3,A34,A48,14203,A65,A72,1,A103,4,A121,1,A143,A153,4,A173,1,A192,A202,A91,0.500018998980513,1
A13,3,A34,A48,14203,A65,A72,1,A103,4,A121,0,A143,A153,4,A173,1,A192,A202,A91,0.4483849748197829,0
A11,6,A33,A40,4499,A65,A72,4,A101,4,A121,1,A141,A151,1,A171,2,A192,A201,A92,0.5033119581526884,1
A11,6,A33,A40,4499,A65,A72,4,A101,4,A121,0,A141,A151,1,A171,2,A192,A201,A92,0.45164489761685617,0
A13,0,A34,A49,12600,A63,A71,1,A103,1,A121,0,A142,A153,4,A174,1,A192,A202,A92,0.49907140540550643,0
A13,0,A34,A49,12600,A63,A71,1,A103,1,A121,1,A142,A153,4,A174,1,A192,A202,A92,0.5507151894933762,1
A14,0,A34,A49,18430,A65,A71,3,A103,1,A121,1,A143,A153,3,A174,1,A192,A202,A91,0.5000341981648866,1
A14,0,A34,A49,18430,A65,A71,3,A103,1,A121,0,A143,A153,3,A174,1,A192,A202,A91,0.448399835172619,0
A13,40,A30,A410,1800,A65,A72,1,A103,1,A123,1,A142,A151,4,A173,2,A192,A201,A91,0.5483611768536204,1
A13,40,A30,A410,1800,A65,A72,1,A103,1,A123,0,A142,A151,4,A173,2,A192,A201,A91,0.4966941510558343,0
A14,7,A34,A40,12999,A65,A72,3,A101,1,A121,1,A142,A153,4,A174,1,A191,A202,A91,0.5000920146693333,1
A14,7,A34,A40,12999,A65,A72,3,A101,1,A121,0,A142,A153,4,A174,1,A191,A202,A91,0.44845685968308474,0
A13,1,A34,A43,10245,A61,A71,1,A102,2,A121,1,A143,A152,2,A172,2,A192,A201,A92,0.5002291053373213,1
A13,1,A34,A43,10245,A61,A71,1,A102,2,A121,0,A143,A152,2,A172,2,A192,A201,A92,0.4485925563382475,0
A13,0,A33,A40,2700,A63,A72,1,A101,1,A121,1,A141,A151,1,A171,1,A191,A201,A92,0.5381960158347475,1
A13,0,A33,A40,2700,A63,A72,1,A101,1,A121,0,A141,A151,1,A171,1,A191,A201,A92,0.4864551789853096,0
A13,9,A33,A49,6247,A63,A72,4,A101,4,A121,1,A141,A153,3,A171,1,A192,A202,A91,0.5516214528439621,1
A13,9,A33,A49,6247,A63,A72,4,A101,4,A121,0,A141,A153,3,A171,1,A192,A202,A91,0.49998734891414914,0
A13,22,A34,A40,4928,A63,A71,4,A101,4,A121,0,A141,A151,1,A172,1,A191,A202,A92,0.4501099443490107,0
A13,22,A34,A40,4928,A63,A71,4,A101,4,A121,1,A141,A151,1,A172,1,A191,A202,A92,0.501762159323424,1
A14,1,A34,A49,18682,A65,A71,1,A102,4,A121,1,A143,A153,1,A173,2,A192,A202,A91,0.5000355094670652,1
A14,1,A34,A49,18682,A65,A71,1,A102,4,A121,0,A143,A153,1,A173,2,A192,A202,A91,0.448401132509383,0
A14,12,A33,A40,6394,A65,A71,4,A102,2,A123,0,A141,A152,1,A173,2,A192,A201,A91,0.49999327957630196,0
A14,12,A33,A40,6394,A65,A71,4,A102,2,A123,1,A141,A152,1,A173,2,A192,A201,A91,0.5516272907988407,1
A13,0,A30,A40,10100,A65,A71,1,A101,1,A121,0,A142,A152,4,A173,1,A191,A202,A91,0.4929178772547445,0
A13,0,A30,A40,10100,A65,A71,1,A101,1,A121,1,A142,A152,4,A173,1,A191,A202,A91,0.5446171378664637,1
A11,2,A33,A45,12806,A65,A71,1,A103,2,A121,1,A142,A151,4,A174,1,A191,A202,A91,0.5013864451875203,1
A11,2,A33,A45,12806,A65,A71,1,A103,2,A121,0,A142,A151,4,A174,1,A191,A202,A91,0.44973811310721523,0
A13,0,A34,A49,14329,A61,A72,1,A103,3,A121,1,A143,A153,4,A173,1,A192,A202,A91,0.500046297907697,1
A13,0,A34,A49,14329,A61,A72,1,A103,3,A121,0,A143,A153,4,A173,1,A192,A202,A91,0.44841174710928244,0
A13,0,A34,A40,10099,A65,A71,1,A101,4,A121,1,A143,A151,1,A173,2,A192,A201,A91,0.5071596228633005,1
A13,0,A34,A40,10099,A65,A71,1,A101,4,A121,0,A143,A151,1,A173,2,A192,A201,A91,0.4554596435342479,0
A11,1,A34,A40,10755,A65,A71,4,A103,2,A121,1,A143,A152,1,A171,2,A192,A201,A92,0.5001944154402983,1
A11,1,A34,A40,10755,A65,A71,4,A103,2,A121,0,A143,A152,1,A171,2,A192,A201,A92,0.4485583513308729,0
A11,8,A34,A49,13021,A63,A74,3,A102,3,A121,1,A143,A153,4,A174,2,A191,A202,A91,0.500016197562212,1
A11,8,A34,A49,13021,A63,A74,3,A102,3,A121,0,A143,A153,4,A174,2,A191,A202,A91,0.4483819673786363,0
A11,0,A33,A43,7500,A63,A71,1,A101,1,A121,1,A141,A152,4,A171,2,A191,A201,A91,0.5410864309185589,1
A11,0,A33,A43,7500,A63,A71,1,A101,1,A121,0,A141,A152,4,A171,2,A191,A201,A91,0.48936210195307184,0
A11,0,A34,A40,11000,A65,A74,1,A103,1,A121,0,A143,A151,4,A171,1,A191,A201,A91,0.472693623747337,0
A11,0,A34,A40,11000,A65,A74,1,A103,1,A121,1,A143,A151,4,A171,1,A191,A201,A91,0.5244657210727549,1
A14,0,A34,A49,15600,A65,A71,1,A101,1,A121,0,A143,A151,4,A171,1,A191,A202,A91,0.49456532841621637,0
A14,0,A34,A49,15600,A65,A71,1,A101,1,A121,1,A143,A151,4,A171,1,A191,A202,A91,0.5462514782786926,1
A13,20,A33,A40,1400,A63,A72,4,A101,1,A123,1,A142,A151,2,A174,2,A192,A202,A92,0.551324988428911,1
A13,20,A33,A40,1400,A63,A72,4,A101,1,A123,0,A142,A151,2,A174,2,A192,A202,A92,0.4996876866031554,0
A14,3,A33,A49,16656,A65,A74,1,A103,1,A121,1,A143,A153,4,A174,2,A192,A202,A91,0.5000011771917343,1
A14,3,A33,A49,16656,A65,A74,1,A103,1,A121,0,A143,A153,4,A174,2,A192,A202,A91,0.4483672840437237,0
A14,1,A34,A46,16710,A65,A71,2,A103,3,A123,1,A143,A152,4,A173,2,A192,A202,A91,0.5000334829091525,1
A14,1,A34,A46,16710,A65,A71,2,A103,3,A123,0,A143,A152,4,A173,2,A192,A202,A91,0.4483991275346802,0
A13,0,A33,A40,3500,A63,A72,1,A103,1,A121,0,A141,A151,4,A171,1,A191,A201,A92,0.4948475247674524,0
A13,0,A33,A40,3500,A63,A72,1,A103,1,A121,1,A141,A151,4,A171,1,A191,A201,A92,0.5465310107670518,1
A13,1,A30,A49,5300,A63,A71,4,A103,1,A122,1,A141,A153,2,A174,1,A191,A201,A92,0.5512245270880164,1
A13,1,A30,A49,5300,A63,A71,4,A103,1,A122,0,A141,A153,2,A174,1,A191,A201,A92,0.49958617994697296,0
A13,0,A34,A45,14500,A65,A71,1,A103,1,A121,1,A143,A153,4,A174,1,A192,A202,A91,0.5506910028892688,1
A13,0,A34,A45,14500,A65,A71,1,A103,1,A121,0,A143,A153,4,A174,1,A192,A202,A91,0.49904696758767625,0
A13,68,A34,A410,699,A63,A72,4,A101,1,A122,1,A143,A152,1,A171,1,A191,A201,A91,0.515746339330436,1
A13,68,A34,A410,699,A63,A72,4,A101,1,A122,0,A143,A152,1,A171,1,A191,A201,A91,0.4999825209379267,0
A13,16,A33,A40,1651,A63,A72,3,A101,4,A123,0,A141,A151,4,A171,2,A192,A202,A92,0.4999853521585506,0
A13,16,A33,A40,1651,A63,A72,3,A101,4,A123,1,A141,A151,4,A171,2,A192,A202,A92,0.5516194921135008,1
A14,0,A30,A49,16803,A65,A71,1,A102,2,A123,1,A143,A153,4,A174,1,A192,A202,A91,0.5000268071889621,1
A14,0,A30,A49,16803,A65,A71,1,A102,2,A123,0,A143,A153,4,A174,1,A192,A202,A91,0.44839228704537637,0
A14,3,A30,A49,16115,A65,A72,1,A101,2,A121,0,A143,A153,4,A174,1,A192,A202,A91,0.44839558934811974,0
A14,3,A30,A49,16115,A65,A72,1,A101,2,A121,1,A143,A153,4,A174,1,A192,A202,A91,0.5000299066304804,1
A11,0,A34,A42,14100,A65,A71,1,A103,1,A121,1,A143,A153,3,A174,1,A192,A201,A91,0.5150771165046978,1
A11,0,A34,A42,14100,A65,A71,1,A103,1,A121,0,A143,A153,3,A174,1,A192,A201,A91,0.4633288661631804,0
A11,13,A33,A40,2866,A61,A72,3,A103,3,A121,0,A141,A151,1,A171,1,A191,A201,A92,0.4999776631593853,0
A11,13,A33,A40,2866,A61,A72,3,A103,3,A121,1,A141,A151,1,A171,1,A191,A201,A92,0.5516118850538149,1
A13,1,A33,A42,4600,A63,A72,1,A101,4,A122,0,A143,A152,4,A171,2,A191,A201,A91,0.49990288913372083,0
A13,1,A33,A42,4600,A63,A72,1,A101,4,A122,1,A143,A152,4,A171,2,A191,A201,A91,0.5515379508422492,1
A11,1,A33,A40,3999,A63,A72,4,A102,4,A121,1,A141,A151,1,A171,1,A191,A201,A92,0.5024514299898406,1
A11,1,A33,A40,3999,A63,A72,4,A102,4,A121,0,A141,A151,1,A171,1,A191,A201,A92,0.4507925025323078,0
A14,0,A34,A49,19000,A65,A71,1,A103,1,A121,0,A143,A153,4,A174,1,A192,A202,A91,0.4702692546315934,0
A14,0,A34,A49,19000,A65,A71,1,A103,1,A121,1,A143,A153,4,A174,1,A192,A202,A91,0.5220386993625218,1
A11,3,A33,A49,9799,A63,A71,1,A101,3,A121,1,A143,A152,3,A171,1,A191,A201,A91,0.5007650697220821,1
A11,3,A33,A49,9799,A63,A71,1,A101,3,A121,0,A143,A152,3,A171,1,A191,A201,A91,0.4491229139192094,0
A13,3,A33,A40,895,A65,A72,4,A103,4,A123,1,A141,A151,4,A171,1,A191,A201,A92,0.5516297675026726,1
A13,3,A33,A40,895,A65,A72,4,A103,4,A123,0,A141,A151,4,A171,1,A191,A201,A92,0.4999957382678987,0
A11,1,A30,A41,12129,A63,A74,1,A102,1,A121,1,A143,A151,4,A174,1,A191,A202,A91,0.5000032037496567,1
A11,1,A30,A41,12129,A63,A74,1,A102,1,A121,0,A143,A151,4,A174,1,A191,A202,A91,0.4483691120845305,0
A14,16,A33,A40,6999,A63,A72,1,A102,4,A121,1,A142,A151,1,A171,2,A192,A201,A92,0.5007917725382138,1
A14,16,A33,A40,6999,A63,A72,1,A102,4,A121,0,A142,A151,1,A171,2,A192,A201,A92,0.44914945844067766,0
A14,0,A30,A42,7606,A63,A74,4,A102,3,A122,1,A141,A151,1,A171,1,A192,A201,A92,0.5206907034266354,1
A14,0,A30,A42,7606,A63,A74,4,A102,3,A122,0,A141,A151,1,A171,1,A192,A201,A92,0.4689239644614288,0
A11,0,A34,A49,9300,A63,A71,3,A102,1,A122,1,A143,A151,4,A171,1,A191,A201,A91,0.5490048484475207,1
A11,0,A34,A49,9300,A63,A71,3,A102,1,A122,0,A143,A151,4,A171,1,A191,A201,A91,0.4973439675060977,0
A14,5,A33,A49,13379,A65,A71,4,A103,1,A121,1,A141,A151,4,A174,1,A192,A202,A91,0.5006075945486037,1
A14,5,A33,A49,13379,A65,A71,4,A103,1,A121,0,A141,A151,4,A174,1,A192,A202,A91,0.44896725088542005,0
A13,15,A33,A40,1785,A63,A72,3,A101,4,A123,0,A141,A151,3,A172,2,A192,A202,A92,0.49998053908349066,0
A13,15,A33,A40,1785,A63,A72,3,A101,4,A123,1,A141,A151,3,A172,2,A192,A202,A92,0.5516147303328427,1
A14,3,A33,A48,13499,A65,A71,2,A101,4,A121,1,A141,A152,1,A171,2,A192,A202,A91,0.5137604140633536,1
A14,3,A33,A48,13499,A65,A71,2,A101,4,A121,0,A141,A152,1,A171,2,A192,A202,A91,0.46201829345409384,0
A11,0,A34,A49,17107,A65,A71,1,A103,1,A121,1,A142,A153,4,A174,1,A192,A202,A91,0.5000192970037365,1
A11,0,A34,A49,17107,A65,A71,1,A103,1,A121,0,A142,A153,4,A174,1,A192,A202,A91,0.44838509275872834,0
A13,3,A33,A48,8999,A65,A71,1,A103,4,A123,1,A141,A151,1,A171,1,A192,A202,A92,0.5005621758714655,1
A13,3,A33,A48,8999,A65,A71,1,A103,4,A123,0,A141,A151,1,A171,1,A192,A202,A92,0.4489221877413043,0
A13,2,A30,A410,2503,A63,A72,1,A102,1,A123,0,A141,A151,2,A171,1,A191,A201,A92,0.49998401105404444,0
A13,2,A30,A410,2503,A63,A72,1,A102,1,A123,1,A141,A151,2,A171,1,A191,A201,A92,0.5516181800448523,1
A14,0,A30,A40,14821,A65,A72,1,A103,4,A121,0,A143,A152,3,A174,2,A191,A202,A91,0.44837766261650547,0
A14,0,A30,A40,14821,A65,A72,1,A103,4,A121,1,A143,A152,3,A174,2,A191,A202,A91,0.5000116676092127,1
A11,0,A30,A41,9488,A65,A71,1,A103,4,A122,1,A141,A151,2,A174,1,A191,A201,A91,0.5011062455007979,1
A11,0,A30,A41,9488,A65,A71,1,A103,4,A122,0,A141,A151,2,A174,1,A191,A201,A91,0.44946075876924196,0
A13,0,A34,A49,12300,A63,A71,1,A103,1,A121,0,A141,A153,4,A174,1,A192,A202,A92,0.4850947180874041,0
A13,0,A34,A49,12300,A63,A71,1,A103,1,A121,1,A141,A153,4,A174,1,A192,A202,A92,0.5368421342909278,1
A13,0,A33,A44,3102,A63,A72,2,A103,3,A123,0,A141,A153,1,A174,2,A191,A201,A92,0.4999939501285556,0
A13,0,A33,A44,3102,A63,A72,2,A103,3,A123,1,A141,A153,1,A174,2,A191,A201,A92,0.5516280131710561,1
A14,16,A34,A40,12599,A65,A71,1,A102,4,A123,1,A143,A153,1,A171,1,A191,A202,A92,0.504779595576529,1
A14,16,A34,A40,12599,A65,A71,1,A102,4,A123,0,A143,A153,1,A171,1,A191,A202,A92,0.4530992395367185,0
A13,1,A33,A40,8711,A65,A71,1,A101,1,A121,1,A141,A151,2,A171,2,A192,A202,A92,0.5000259727239376,1
A13,1,A33,A40,8711,A65,A71,1,A101,1,A121,0,A141,A151,2,A171,2,A192,A202,A92,0.44839157940966634,0
A13,22,A34,A41,3000,A61,A72,3,A103,1,A121,1,A141,A151,1,A173,1,A192,A201,A92,0.5511925602336223,1
A13,22,A34,A41,3000,A61,A72,3,A103,1,A121,0,A141,A151,1,A173,1,A192,A201,A92,0.4995538444511076,0
A14,0,A34,A49,17385,A65,A71,1,A102,1,A121,1,A143,A153,3,A173,1,A191,A202,A91,0.5314392418988222,1
A14,0,A34,A49,17385,A65,A71,1,A102,1,A121,0,A143,A153,3,A173,1,A191,A202,A91,0.4796730169754464,0
A11,17,A30,A40,6400,A61,A71,1,A103,1,A121,0,A142,A151,4,A174,1,A191,A201,A92,0.49711649336383473,0
A11,17,A30,A40,6400,A61,A71,1,A103,1,A121,1,A142,A151,4,A174,1,A191,A201,A92,0.5487795129321669,1
A13,7,A30,A410,2499,A63,A72,1,A102,3,A123,1,A142,A151,1,A171,2,A191,A201,A92,0.5472658581869669,1
A13,7,A30,A410,2499,A63,A72,1,A102,3,A123,0,A142,A151,1,A171,2,A191,A201,A92,0.4955888044956952,0
A13,0,A34,A49,8400,A63,A71,2,A102,1,A121,0,A142,A151,4,A173,1,A192,A201,A92,0.48477779010459837,0
A13,0,A34,A49,8400,A63,A71,2,A102,1,A121,1,A142,A151,4,A173,1,A192,A201,A92,0.5365266259475443,1
A14,52,A33,A40,2166,A63,A72,1,A102,3,A122,1,A141,A151,1,A171,1,A191,A202,A92,0.5516073738791051,1
A14,52,A33,A40,2166,A63,A72,1,A102,3,A122,0,A141,A151,1,A171,1,A191,A202,A92,0.49997310340407103,0
A13,0,A34,A44,9130,A65,A71,1,A101,1,A123,0,A141,A151,3,A174,1,A191,A202,A91,0.498251191952423,0
A13,0,A34,A44,9130,A65,A71,1,A101,1,A123,1,A141,A151,3,A174,1,A191,A202,A91,0.5499033331392141,1
A14,1,A30,A49,14918,A65,A72,1,A103,4,A121,0,A143,A151,2,A171,2,A192,A202,A91,0.49999330937862435,0
A14,1,A30,A49,14918,A65,A72,1,A103,4,A121,1,A143,A151,2,A171,2,A192,A202,A91,0.5516273792525931,1
A14,0,A34,A48,18733,A65,A74,1,A103,3,A121,1,A143,A153,4,A174,1,A192,A202,A91,0.5000339597463086,1
A14,0,A34,A48,18733,A65,A74,1,A103,3,A121,0,A143,A153,4,A174,1,A192,A202,A91,0.448399717232948,0
A13,4,A33,A45,5507,A63,A72,2,A102,3,A122,1,A143,A152,4,A171,1,A192,A201,A91,0.5515954472357822,1
A13,4,A33,A45,5507,A63,A72,2,A102,3,A122,0,A143,A152,4,A171,1,A192,A201,A91,0.49996103346355697,0
A14,0,A33,A48,16216,A65,A72,1,A103,3,A121,1,A143,A153,2,A174,2,A192,A202,A91,0.5000386089085765,1
A14,0,A33,A48,16216,A65,A72,1,A103,3,A121,0,A143,A153,2,A174,2,A192,A202,A91,0.4484041989445257,0
A11,0,A34,A49,9600,A61,A74,3,A101,1,A121,1,A143,A153,4,A171,1,A191,A201,A92,0.5342298775195,1
A11,0,A34,A49,9600,A61,A74,3,A101,1,A121,0,A143,A153,4,A171,1,A191,A201,A92,0.48247196097832495,0
A14,0,A34,A49,18800,A65,A71,1,A103,1,A121,1,A143,A153,4,A174,1,A192,A202,A91,0.5313715606772332,1
A14,0,A34,A49,18800,A65,A71,1,A103,1,A121,0,A143,A153,4,A174,1,A192,A202,A91,0.47960529936941054,0
A14,0,A34,A43,17909,A65,A71,1,A103,2,A121,0,A143,A151,4,A174,1,A192,A202,A91,0.4483909897134009,0
A14,0,A34,A43,17909,A65,A71,1,A103,2,A121,1,A143,A151,4,A174,1,A192,A202,A91,0.500025257468202,1
A14,32,A33,A410,5899,A63,A72,3,A103,4,A121,1,A141,A151,3,A171,2,A191,A202,A92,0.501048310055085,1
A14,32,A33,A410,5899,A63,A72,3,A103,4,A121,0,A141,A151,3,A171,2,A191,A202,A92,0.44940341564744984,0
A13,25,A33,A41,2223,A63,A72,2,A101,2,A123,1,A141,A151,2,A173,2,A192,A202,A91,0.5515880686090542,1
A13,25,A33,A41,2223,A63,A72,2,A101,2,A123,0,A141,A151,2,A173,2,A192,A202,A91,0.4999535828830145,0
A14,5,A34,A49,17822,A65,A71,1,A103,4,A121,1,A143,A153,3,A173,2,A191,A202,A91,0.5000445693730128,1
A14,5,A34,A49,17822,A65,A71,1,A103,4,A121,0,A143,A153,3,A173,2,A191,A202,A91,0.44841009594621095,0
A11,0,A34,A49,15100,A65,A71,1,A103,1,A121,0,A141,A153,4,A174,1,A191,A202,A91,0.47230326540723094,0
A11,0,A34,A49,15100,A65,A71,1,A103,1,A121,1,A141,A153,4,A174,1,A191,A202,A91,0.5240749818062815,1
A11,70,A30,A40,101,A65,A72,1,A102,3,A121,1,A142,A153,1,A174,1,A191,A201,A92,0.5002037137634091,1
A11,70,A30,A40,101,A65,A72,1,A102,3,A121,0,A142,A153,1,A174,1,A191,A201,A92,0.47217586697800623,0
A14,0,A33,A49,15924,A65,A72,1,A102,4,A121,1,A143,A153,4,A174,2,A192,A202,A91,0.5000195354223151,1
A14,0,A33,A49,15924,A65,A72,1,A102,4,A121,0,A143,A153,4,A174,2,A192,A202,A91,0.4483854465755995,0
A13,80,A33,A40,385,A63,A72,4,A102,4,A123,1,A143,A152,4,A171,1,A191,A202,A91,0.5148085917660775,1
A13,80,A33,A40,385,A63,A72,4,A102,4,A123,0,A143,A152,4,A171,1,A191,A202,A91,0.49904388305855185,0
A14,0,A34,A49,19400,A65,A71,1,A103,1,A121,0,A143,A153,4,A174,1,A192,A202,A91,0.4516657561148251,0
A14,0,A34,A49,19400,A65,A71,1,A103,1,A121,1,A143,A153,4,A174,1,A192,A202,A91,0.5033331466682314,1
A11,0,A34,A46,13799,A61,A72,1,A102,4,A121,1,A142,A153,1,A174,2,A191,A202,A91,0.500545128963963,1
A11,0,A34,A46,13799,A61,A72,1,A102,4,A121,0,A142,A153,1,A174,2,A191,A202,A91,0.44890520080508545,0
A13,0,A33,A40,1198,A63,A74,2,A101,3,A123,1,A141,A151,2,A171,1,A191,A201,A92,0.551612415779693,1
A13,0,A33,A40,1198,A63,A74,2,A101,3,A123,0,A141,A151,2,A171,1,A191,A201,A92,0.4999781996011873,0
A14,67,A34,A41,2944,A63,A72,4,A102,4,A121,1,A141,A152,2,A172,1,A191,A202,A91,0.5515944300038768,1
A14,67,A34,A41,2944,A63,A72,4,A102,4,A121,0,A141,A152,2,A172,1,A191,A202,A91,0.4999599903822799,0
A13,3,A34,A41,9230,A65,A74,1,A103,4,A121,1,A142,A153,1,A171,2,A191,A201,A91,0.5221867651540809,1
A13,3,A34,A41,9230,A65,A74,1,A103,4,A121,0,A142,A153,1,A171,2,A191,A201,A91,0.4704172668467558,0
A13,2,A34,A44,11900,A65,A71,2,A103,1,A122,1,A143,A151,4,A171,2,A192,A202,A91,0.5484295154982474,1
A13,2,A34,A44,11900,A65,A71,2,A103,1,A122,0,A143,A151,4,A171,2,A192,A202,A91,0.4967632596829871,0
A14,5,A30,A40,4307,A63,A72,4,A102,4,A123,1,A141,A151,2,A171,2,A191,A201,A92,0.5292855942365623,1
A14,5,A30,A40,4307,A63,A72,4,A102,4,A123,0,A141,A151,2,A171,2,A191,A201,A92,0.47751559814022476,0
A13,4,A34,A49,12099,A65,A71,3,A101,4,A121,0,A141,A153,1,A171,1,A192,A202,A91,0.4487895984347721,0
A13,4,A34,A49,12099,A65,A71,3,A101,4,A121,1,A141,A153,1,A171,1,A192,A202,A91,0.5004282443668338,1
A11,1,A34,A49,16099,A61,A71,1,A103,4,A121,0,A143,A153,2,A172,1,A192,A202,A92,0.4487923704677307,0
A11,1,A34,A49,16099,A61,A71,1,A103,4,A121,1,A143,A153,2,A172,1,A192,A202,A92,0.5004309265738687,1
A13,1,A34,A48,15570,A65,A71,1,A103,4,A121,1,A143,A153,1,A174,1,A192,A202,A91,0.5005802956598244,1
A13,1,A34,A48,15570,A65,A71,1,A103,4,A121,0,A143,A153,1,A174,1,A192,A202,A91,0.44894017750853116,0
A14,0,A34,A49,18200,A65,A71,1,A103,1,A121,0,A142,A153,4,A174,1,A192,A202,A91,0.4796640910619111,0
A14,0,A34,A49,18200,A65,A71,1,A103,1,A121,1,A142,A153,4,A174,1,A192,A202,A91,0.5314300990644762,1
A11,3,A30,A44,12430,A61,A74,1,A102,1,A122,1,A143,A152,3,A173,2,A191,A202,A91,0.5000272244214743,1
A11,3,A30,A44,12430,A61,A74,1,A102,1,A122,0,A143,A152,3,A173,2,A191,A202,A91,0.44839299468129545,0
A11,8,A33,A41,6595,A65,A72,2,A102,4,A121,1,A142,A151,4,A171,2,A192,A201,A92,0.5000293105840348,1
A11,8,A33,A41,6595,A65,A72,2,A102,4,A121,0,A142,A151,4,A171,2,A192,A201,A92,0.4483950586205862,0
A13,0,A34,A40,10877,A63,A71,2,A101,3,A121,1,A143,A151,4,A174,1,A191,A202,A91,0.5000272840261188,1
A13,0,A34,A40,10877,A63,A71,2,A101,3,A121,0,A143,A151,4,A174,1,A191,A202,A91,0.4483930536509649,0
A14,2,A34,A49,16476,A65,A71,1,A103,1,A121,1,A143,A153,3,A171,2,A192,A201,A91,0.5000098794698702,1
A14,2,A34,A49,16476,A65,A71,1,A103,1,A121,0,A143,A153,3,A171,2,A192,A201,A91,0.44837589353842033,0
A14,54,A30,A40,3789,A61,A72,1,A102,3,A123,0,A141,A151,3,A174,1,A192,A202,A92,0.4924471610410618,0
A14,54,A30,A40,3789,A61,A72,1,A102,3,A123,1,A141,A151,3,A174,1,A192,A202,A92,0.5441500306678552,1
A11,0,A34,A49,13500,A63,A71,1,A103,1,A121,1,A142,A153,4,A174,1,A191,A202,A92,0.5493818581899569,1
A11,0,A34,A49,13500,A63,A71,1,A103,1,A121,0,A142,A153,4,A174,1,A191,A202,A92,0.4977245338891361,0
A13,49,A33,A41,1284,A63,A72,1,A103,4,A123,1,A141,A152,4,A171,2,A192,A202,A91,0.5491465362405688,1
A13,49,A33,A41,1284,A63,A72,1,A103,4,A123,0,A141,A152,4,A171,2,A192,A202,A91,0.4974869999296512,0
A11,0,A30,A44,9099,A63,A74,1,A103,3,A121,0,A141,A151,1,A171,1,A192,A201,A92,0.45012702815507377,0
A11,0,A30,A44,9099,A63,A74,1,A103,3,A121,1,A141,A151,1,A171,1,A192,A201,A92,0.501779355047763,1
A11,1,A33,A40,5099,A65,A72,4,A101,4,A121,1,A141,A151,1,A171,2,A192,A201,A92,0.5026702775998635,1
A11,1,A33,A40,5099,A65,A72,4,A101,4,A121,0,A141,A151,1,A171,2,A192,A201,A92,0.45100926026101873,0
A11,0,A34,A48,16907,A65,A71,1,A103,1,A121,1,A142,A153,3,A174,2,A192,A202,A91,0.5000341981648866,1
A11,0,A34,A48,16907,A65,A71,1,A103,1,A121,0,A142,A153,3,A174,2,A192,A202,A91,0.448399717232948,0
A11,12,A33,A40,1085,A63,A72,2,A101,1,A123,1,A141,A151,4,A171,1,A191,A201,A92,0.5498780615921958,1
A11,12,A33,A40,1085,A63,A72,2,A101,1,A123,0,A141,A151,4,A171,1,A191,A201,A92,0.4982257857879303,0
A14,3,A34,A410,14654,A65,A71,1,A101,3,A122,1,A143,A151,1,A172,1,A192,A202,A92,0.5000029057264328,1
A14,3,A34,A410,14654,A65,A71,1,A101,3,A122,0,A143,A151,1,A172,1,A192,A202,A92,0.44836893517729465,0
A13,15,A30,A40,5499,A63,A71,1,A103,4,A121,0,A141,A151,1,A171,2,A192,A201,A92,0.4504575152014984,0
A13,15,A30,A40,5499,A63,A71,1,A103,4,A121,1,A141,A151,1,A171,2,A192,A201,A92,0.5021131061869645,1
A13,1,A33,A40,4199,A63,A72,1,A103,4,A121,1,A141,A151,1,A171,2,A191,A201,A92,0.5001240372632331,1
A13,1,A33,A40,4199,A63,A72,1,A103,4,A121,0,A141,A151,1,A171,2,A191,A201,A92,0.4484887191065637,0
A14,1,A30,A40,7201,A61,A72,4,A102,3,A121,1,A141,A152,3,A173,2,A191,A201,A92,0.5215267451472738,1
A14,1,A30,A40,7201,A61,A72,4,A102,3,A121,0,A141,A152,3,A173,2,A191,A201,A92,0.4697583202250022,0
A13,15,A30,A40,799,A61,A72,4,A103,1,A123,1,A141,A151,4,A171,1,A191,A201,A92,0.5182672981851341,1
A13,15,A30,A40,799,A61,A72,4,A103,1,A123,0,A141,A151,4,A171,1,A191,A201,A92,0.4999552965165376,0
A14,0,A34,A49,17200,A65,A71,1,A102,1,A121,0,A143,A151,4,A174,1,A192,A202,A91,0.48865034964719245,0
A14,0,A34,A49,17200,A65,A71,1,A102,1,A121,1,A143,A151,4,A174,1,A192,A202,A91,0.5403787641894006,1
A13,0,A33,A40,3849,A63,A72,1,A103,4,A123,1,A141,A153,3,A171,2,A191,A201,A92,0.5086851472973042,1
A13,0,A33,A40,3849,A63,A72,1,A103,4,A123,0,A141,A153,3,A171,2,A191,A201,A92,0.45697401323491943,0
A11,0,A34,A44,17092,A65,A71,1,A103,4,A121,1,A143,A153,4,A173,2,A192,A202,A91,0.5000225156545487,1
A11,0,A34,A44,17092,A65,A71,1,A103,4,A121,0,A143,A153,4,A173,2,A192,A202,A91,0.44838827711244905,0
A14,1,A34,A48,17799,A65,A71,1,A103,4,A123,1,A143,A153,4,A172,1,A192,A202,A91,0.5005730239028344,1
A14,1,A34,A48,17799,A65,A71,1,A103,4,A123,0,A143,A153,4,A172,1,A192,A202,A91,0.4489330995513841,0
A11,20,A30,A410,4008,A61,A72,4,A101,1,A123,0,A141,A151,1,A172,1,A192,A202,A92,0.4998006373749525,0
A11,20,A30,A410,4008,A61,A72,4,A101,1,A123,1,A141,A151,1,A172,1,A192,A202,A92,0.5514367538444526,1
A13,1,A33,A40,5911,A65,A72,1,A102,1,A122,0,A143,A151,4,A172,2,A192,A201,A91,0.4999752491712772,0
A13,1,A33,A40,5911,A65,A72,1,A102,1,A122,1,A143,A151,4,A172,2,A192,A201,A91,0.5516095704979168,1
A14,1,A34,A49,17563,A61,A71,1,A102,4,A121,1,A143,A153,4,A174,1,A192,A202,A92,0.5000439733265697,1
A14,1,A34,A49,17563,A61,A71,1,A102,4,A121,0,A143,A153,4,A174,1,A192,A202,A92,0.44840950624538967,0
A14,0,A34,A49,8000,A61,A72,4,A101,1,A123,1,A141,A152,4,A174,2,A191,A201,A91,0.5487182904706103,1
A14,0,A34,A49,8000,A61,A72,4,A101,1,A123,0,A141,A152,4,A174,2,A191,A201,A91,0.49705471524857464,0
A14,2,A34,A49,13999,A65,A71,2,A101,2,A123,1,A142,A151,3,A174,1,A192,A202,A92,0.5000210851430767,1
A14,2,A34,A49,13999,A65,A71,2,A101,2,A123,0,A142,A151,3,A174,1,A192,A202,A92,0.44838686184360627,0
