status,month,credit_history,purpose,credit_amount,savings,employment,investment_as_income_percentage,other_debtors,residence_since,property,age,installment_plans,housing,number_of_credits,skill_level,people_liable_for,telephone,foreign_worker,sex,output,decision
A11,60,A30,A41,1300,A65,A71,1,A102,1,A122,0,A142,A153,4,A174,1,A191,A201,A92,0.4841748786043353,0
A11,60,A30,A41,1300,A65,A71,1,A102,1,A122,1,A142,A153,4,A174,1,A191,A201,A92,0.5330851994640783,1
A11,48,A33,A41,5700,A65,A74,1,A103,1,A121,1,A141,A153,4,A171,1,A192,A202,A92,0.5441094049500155,1
A11,48,A33,A41,5700,A65,A74,1,A103,1,A121,0,A141,A153,4,A171,1,A192,A202,A92,0.4952361712098589,0
A14,27,A33,A43,8399,A63,A72,3,A103,4,A121,1,A141,A151,3,A171,1,A191,A201,A92,0.5042500543306309,1
A14,27,A33,A43,8399,A63,A72,3,A103,4,A121,0,A141,A151,3,A171,1,A191,A201,A92,0.4553959631611365,0
A11,1,A33,A410,13599,A65,A72,1,A101,4,A122,1,A142,A151,3,A171,2,A191,A201,A91,0.5028882776427708,1
A11,1,A33,A410,13599,A65,A72,1,A101,4,A122,0,A142,A151,3,A171,2,A191,A201,A91,0.4540604153814719,0
A13,0,A33,A43,6500,A63,A72,4,A103,1,A123,1,A143,A151,1,A171,2,A191,A201,A92,0.5463681322103277,1
A13,0,A33,A43,6500,A63,A72,4,A103,1,A123,0,A143,A151,1,A171,2,A191,A201,A92,0.49752105102837424,0
A13,0,A33,A40,2800,A63,A72,1,A101,1,A121,1,A141,A151,1,A171,1,A191,A201,A92,0.5005651588938808,1
A13,0,A33,A40,2800,A63,A72,1,A101,1,A121,0,A141,A151,1,A171,1,A191,A201,A92,0.45174842785045977,0
A14,79,A30,A45,17214,A61,A71,3,A103,4,A123,1,A141,A151,2,A174,2,A191,A202,A91,0.5000196574255723,1
A14,79,A30,A45,17214,A61,A71,3,A103,4,A123,0,A141,A151,2,A174,2,A191,A202,A91,0.4512250661557918,0
A14,3,A33,A44,9799,A63,A72,4,A101,4,A122,1,A142,A151,4,A171,1,A191,A201,A92,0.5038914965715572,1
A14,3,A33,A44,9799,A63,A72,4,A101,4,A122,0,A142,A151,4,A171,1,A191,A201,A92,0.45502890651968175,0
A13,31,A30,A40,3045,A63,A74,4,A101,1,A123,1,A142,A151,1,A171,1,A191,A202,A92,0.5020280844134675,1
A13,31,A30,A40,3045,A63,A74,4,A101,1,A123,0,A142,A151,1,A171,1,A191,A202,A92,0.4532104345036606,0
A13,56,A30,A49,3499,A63,A72,4,A101,4,A121,1,A143,A152,1,A171,1,A191,A202,A92,0.5006748312711979,1
A13,56,A30,A49,3499,A63,A72,4,A101,4,A121,0,A143,A152,1,A171,1,A191,A202,A92,0.4518438537045859,0
A11,80,A33,A40,700,A65,A71,3,A103,1,A122,1,A142,A153,1,A172,2,A191,A202,A92,0.5436021681516763,1
A11,80,A33,A40,700,A65,A71,3,A103,1,A122,0,A142,A153,1,A172,2,A191,A202,A92,0.49474865415892316,0
A11,0,A33,A49,9838,A63,A72,1,A101,2,A123,1,A142,A153,1,A172,1,A191,A201,A92,0.5459104843726894,1
A11,0,A33,A49,9838,A63,A72,1,A101,2,A123,0,A142,A153,1,A172,1,A191,A201,A92,0.49710907562687373,0
A14,62,A33,A410,8100,A65,A74,3,A103,3,A123,0,A143,A151,1,A172,1,A192,A201,A92,0.45650499397549726,0
A14,62,A33,A410,8100,A65,A74,3,A103,3,A123,1,A143,A151,1,A172,1,A192,A201,A92,0.5053409569569765,1
A13,3,A34,A40,8599,A63,A72,4,A102,4,A122,1,A141,A153,2,A171,1,A191,A202,A92,0.5124339329811072,1
A13,3,A34,A40,8599,A63,A72,4,A102,4,A122,0,A141,A153,2,A171,1,A191,A202,A92,0.4635586625248723,0
A11,80,A34,A49,14999,A61,A71,1,A101,3,A122,0,A141,A152,3,A174,1,A192,A202,A91,0.4513950996950117,0
A11,80,A34,A49,14999,A61,A71,1,A101,3,A122,1,A141,A152,3,A174,1,A192,A202,A91,0.5002103922764464,1
A14,34,A33,A40,12799,A63,A72,1,A101,4,A121,1,A141,A151,1,A171,2,A191,A202,A92,0.5000806925811319,1
A14,34,A33,A40,12799,A63,A72,1,A101,4,A121,0,A141,A151,1,A171,2,A191,A202,A92,0.4512401797875617,0
A13,70,A34,A48,14099,A65,A74,1,A103,4,A122,0,A142,A151,4,A172,2,A191,A202,A91,0.46868481524780353,0
A13,70,A34,A48,14099,A65,A74,1,A103,4,A122,1,A142,A151,4,A172,2,A191,A202,A91,0.5175867106901636,1
A11,16,A33,A40,9099,A63,A72,4,A101,4,A121,1,A141,A151,1,A171,2,A192,A202,A92,0.5015073847923603,1
A11,16,A33,A40,9099,A63,A72,4,A101,4,A121,0,A141,A151,1,A171,2,A192,A202,A92,0.45272552839074365,0
A11,80,A34,A46,2500,A63,A71,3,A101,4,A122,0,A142,A153,3,A171,1,A191,A202,A92,0.4995571254979447,0
A11,80,A34,A46,2500,A63,A71,3,A101,4,A122,1,A142,A153,3,A171,1,A191,A202,A92,0.5483651588346492,1
A11,2,A33,A46,6999,A63,A72,4,A102,4,A121,1,A141,A151,4,A171,2,A191,A201,A92,0.5318387786419757,1
A11,2,A33,A46,6999,A63,A72,4,A102,4,A121,0,A141,A151,4,A171,2,A191,A201,A92,0.4829231077743108,0
A11,1,A30,A41,14899,A63,A74,4,A102,4,A122,1,A141,A152,2,A174,2,A191,A201,A91,0.5059550447720982,1
A11,1,A30,A41,14899,A63,A74,4,A102,4,A122,0,A141,A152,2,A174,2,A191,A201,A91,0.45706535168515633,0
A13,9,A30,A410,5599,A61,A72,4,A102,4,A123,1,A143,A152,1,A171,1,A192,A201,A92,0.5035253057953117,1
A13,9,A30,A410,5599,A61,A72,4,A102,4,A123,0,A143,A152,1,A171,1,A192,A201,A92,0.4546902738772991,0
A14,80,A34,A40,9600,A63,A74,4,A103,4,A121,0,A143,A152,4,A173,1,A192,A202,A92,0.49939023267904975,0
A14,80,A34,A40,9600,A63,A74,4,A103,4,A121,1,A143,A152,4,A173,1,A192,A202,A92,0.5482621789039825,1
A11,0,A33,A40,18900,A63,A74,2,A103,1,A121,0,A142,A151,2,A171,2,A192,A201,A92,0.4778250468018791,0
A11,0,A33,A40,18900,A63,A74,2,A103,1,A121,1,A142,A151,2,A171,2,A192,A201,A92,0.5267123403049467,1
A13,0,A30,A40,16300,A63,A71,3,A102,1,A121,1,A141,A151,1,A171,2,A191,A201,A91,0.5315101315433083,1
A13,0,A30,A40,16300,A63,A71,3,A102,1,A121,0,A141,A151,1,A171,2,A191,A201,A91,0.48258590869839574,0
A13,6,A34,A41,16824,A63,A72,4,A102,1,A121,1,A141,A151,1,A171,2,A191,A202,A92,0.5033994268226394,1
A13,6,A34,A41,16824,A63,A72,4,A102,1,A121,0,A141,A151,1,A171,2,A191,A202,A92,0.4545521843091063,0
A11,8,A33,A40,4099,A63,A72,3,A102,4,A121,1,A142,A151,4,A171,2,A191,A201,A92,0.5223131779238958,1
A11,8,A33,A40,4099,A63,A72,3,A102,4,A121,0,A142,A151,4,A171,2,A191,A201,A92,0.4733763145543106,0
A14,0,A30,A40,19600,A65,A74,4,A101,1,A123,1,A141,A153,3,A172,2,A192,A202,A92,0.5470979369537237,1
A14,0,A30,A40,19600,A65,A74,4,A101,1,A123,0,A141,A153,3,A172,2,A192,A202,A92,0.4982420157439423,0
A13,2,A33,A410,3399,A63,A72,4,A101,4,A121,1,A141,A151,4,A171,1,A192,A202,A92,0.5146438785688581,1
A13,2,A33,A410,3399,A63,A72,4,A101,4,A121,0,A141,A151,4,A171,1,A192,A202,A92,0.46573355232898034,0
A14,75,A34,A44,20000,A63,A71,2,A101,4,A121,0,A143,A153,2,A172,2,A191,A202,A92,0.4605282936126678,0
A14,75,A34,A44,20000,A63,A71,2,A101,4,A121,1,A143,A153,2,A172,2,A191,A202,A92,0.5094332108131735,1
A11,1,A33,A40,18075,A63,A72,3,A102,4,A121,1,A141,A151,1,A171,2,A192,A202,A92,0.5000120280310488,1
A11,1,A33,A40,18075,A63,A72,3,A102,4,A121,0,A141,A151,1,A171,2,A192,A202,A92,0.45117216915341524,0
A13,37,A30,A49,19199,A63,A71,1,A102,4,A122,0,A142,A151,4,A172,2,A191,A202,A92,0.45273687020259373,0
A13,37,A30,A49,19199,A63,A71,1,A102,4,A122,1,A142,A151,4,A172,2,A191,A202,A92,0.5015836780085614,1
A11,13,A34,A40,15941,A65,A71,4,A101,3,A123,1,A141,A151,4,A174,1,A192,A201,A91,0.5015379020874629,1
A11,13,A34,A40,15941,A65,A71,4,A101,3,A123,0,A141,A151,4,A174,1,A192,A201,A91,0.45264613708291784,0
A11,5,A33,A40,11499,A63,A72,4,A102,4,A121,1,A141,A151,2,A171,1,A191,A202,A92,0.5022245377672366,1
A11,5,A33,A40,11499,A63,A72,4,A102,4,A121,0,A141,A151,2,A171,1,A191,A202,A92,0.45339099733265636,0
A11,28,A33,A410,7013,A63,A72,1,A103,2,A121,1,A143,A153,3,A171,2,A192,A201,A92,0.5279997492882783,1
A11,28,A33,A410,7013,A63,A72,1,A103,2,A121,0,A143,A153,3,A171,2,A192,A201,A92,0.4790682304401001,0
A13,1,A34,A40,13299,A63,A72,3,A102,4,A121,1,A141,A151,4,A171,1,A191,A202,A92,0.5128837786980037,1
A13,1,A34,A40,13299,A63,A72,3,A102,4,A121,0,A141,A151,4,A171,1,A191,A202,A92,0.4639495115352141,0
A13,7,A33,A41,3299,A65,A72,2,A102,4,A122,1,A141,A151,1,A171,1,A192,A201,A92,0.5101386593586874,1
A13,7,A33,A41,3299,A65,A72,2,A102,4,A122,0,A141,A151,1,A171,1,A192,A201,A92,0.4612609743913587,0
A13,6,A34,A40,4599,A63,A72,3,A101,3,A121,0,A141,A151,2,A171,1,A191,A201,A92,0.452343716111114,0
A13,6,A34,A40,4599,A63,A72,3,A101,3,A121,1,A141,A151,2,A171,1,A191,A201,A92,0.5011736011931633,1
A13,35,A34,A42,18863,A61,A71,1,A103,1,A121,1,A142,A151,1,A172,2,A191,A201,A92,0.5466441959526902,1
A13,35,A34,A42,18863,A61,A71,1,A103,1,A121,0,A142,A151,1,A172,2,A191,A201,A92,0.4977995178238241,0
A13,0,A30,A48,17399,A65,A71,2,A101,4,A123,1,A142,A153,2,A171,1,A191,A201,A91,0.5304233133796167,1
A13,0,A30,A48,17399,A65,A71,2,A101,4,A123,0,A142,A153,2,A171,1,A191,A201,A91,0.4814963132035014,0
A13,64,A34,A49,12200,A63,A71,4,A103,4,A123,1,A142,A152,2,A173,1,A192,A202,A91,0.5455738178004143,1
A13,64,A34,A49,12200,A63,A71,4,A103,4,A123,0,A142,A152,2,A173,1,A192,A202,A91,0.49673524947794184,0
A14,9,A30,A410,19299,A63,A72,2,A103,4,A121,1,A142,A153,2,A171,2,A191,A201,A92,0.5229603471454654,1
A14,9,A30,A410,19299,A63,A72,2,A103,4,A121,0,A142,A153,2,A171,2,A191,A201,A92,0.4739583443390608,0
A11,31,A34,A40,8899,A63,A72,1,A102,2,A123,1,A141,A153,3,A171,1,A192,A202,A92,0.5000921366725863,1
A11,31,A34,A40,8899,A63,A72,1,A102,2,A123,0,A141,A153,3,A171,1,A192,A202,A92,0.4512930782070001,0
A11,0,A30,A49,15700,A63,A72,2,A102,1,A123,1,A142,A153,4,A174,2,A191,A201,A91,0.5382216183783425,1
A11,0,A30,A49,15700,A63,A72,2,A102,1,A123,0,A142,A153,4,A174,2,A191,A201,A91,0.4893706243548418,0
A14,80,A33,A41,633,A65,A72,1,A102,1,A122,0,A141,A151,3,A174,2,A191,A202,A91,0.4966391710087267,0
A14,80,A33,A41,633,A65,A72,1,A102,1,A122,1,A141,A151,3,A174,2,A191,A202,A91,0.5454787681358597,1
A11,28,A33,A46,11799,A61,A72,4,A101,1,A121,0,A141,A152,1,A174,1,A191,A202,A91,0.4657601298901273,0
A11,28,A33,A46,11799,A61,A72,4,A101,1,A121,1,A141,A152,1,A174,1,A191,A202,A91,0.5146943798020395,1
A11,55,A34,A49,13920,A65,A74,3,A101,4,A123,0,A142,A151,1,A172,2,A192,A201,A91,0.45230213597407226,0
A11,55,A34,A49,13920,A65,A74,3,A101,4,A123,1,A142,A151,1,A172,2,A192,A201,A91,0.501110659016788,1
A11,10,A33,A42,17777,A65,A71,3,A102,4,A121,1,A141,A152,2,A171,1,A192,A201,A91,0.5191295791216366,1
A11,10,A33,A42,17777,A65,A71,3,A102,4,A121,0,A141,A152,2,A171,1,A192,A201,A91,0.47017078441189786,0
A11,0,A33,A40,3699,A63,A72,4,A101,4,A121,1,A141,A151,2,A171,2,A191,A201,A92,0.5008083453809948,1
A11,0,A33,A40,3699,A63,A72,4,A101,4,A121,0,A141,A151,2,A171,2,A191,A201,A92,0.4519799125292153,0
A13,21,A30,A49,9549,A65,A72,3,A101,1,A123,1,A143,A152,2,A174,2,A192,A201,A92,0.5000005839392543,1
A13,21,A30,A49,9549,A65,A72,3,A101,1,A123,0,A143,A152,2,A174,2,A192,A201,A92,0.45120239587686894,0
A14,16,A33,A49,17699,A63,A72,2,A101,4,A122,1,A143,A151,3,A171,1,A192,A201,A91,0.5388738463781785,1
A14,16,A33,A49,17699,A63,A72,2,A101,4,A122,0,A143,A151,3,A171,1,A192,A201,A91,0.4899120788180081,0
A11,14,A33,A48,19800,A63,A71,4,A101,1,A123,1,A142,A151,3,A172,1,A191,A202,A91,0.5296707311125091,1
A11,14,A33,A48,19800,A63,A71,4,A101,1,A123,0,A142,A151,3,A172,1,A191,A202,A91,0.4807496983959926,0
A11,31,A34,A40,16499,A61,A74,2,A101,4,A123,0,A142,A153,2,A174,1,A191,A202,A91,0.45692903840301874,0
A11,31,A34,A40,16499,A61,A74,2,A101,4,A123,1,A142,A153,2,A174,1,A191,A202,A91,0.5058024779763073,1
A14,6,A33,A40,17500,A65,A72,4,A103,3,A121,0,A141,A153,4,A173,2,A192,A202,A92,0.4991575366407975,0
A14,6,A33,A40,17500,A65,A72,4,A103,3,A121,1,A141,A153,4,A173,2,A192,A202,A92,0.5479220323807955,1
A14,18,A33,A40,5800,A63,A71,4,A101,4,A122,1,A141,A153,2,A171,1,A191,A201,A91,0.5463114032463271,1
A14,18,A33,A40,5800,A63,A71,4,A101,4,A122,0,A141,A153,2,A171,1,A191,A201,A91,0.4974829050079023,0
A13,55,A34,A40,5400,A61,A71,1,A103,4,A123,0,A142,A151,1,A174,1,A191,A201,A92,0.49962292898144134,0
A13,55,A34,A40,5400,A61,A71,1,A103,4,A123,1,A142,A151,1,A174,1,A191,A201,A92,0.5484379036292331,1
A11,79,A33,A44,2206,A63,A72,1,A103,4,A123,0,A143,A153,1,A174,1,A191,A202,A91,0.45346001149878024,0
A11,79,A33,A44,2206,A63,A72,1,A103,4,A123,1,A143,A153,1,A174,1,A191,A202,A91,0.5022893862993124,1
A14,78,A33,A49,16699,A63,A71,4,A103,1,A123,1,A143,A153,1,A171,2,A192,A202,A91,0.5012327286583367,1
A14,78,A33,A49,16699,A63,A71,4,A103,1,A123,0,A143,A153,1,A171,2,A192,A202,A91,0.45244199907830907,0
A14,36,A33,A49,19500,A63,A72,4,A103,1,A121,0,A143,A151,4,A171,1,A192,A202,A92,0.49988995772032785,0
A14,36,A33,A49,19500,A63,A72,4,A103,1,A121,1,A143,A151,4,A171,1,A192,A202,A92,0.5486325093881798,1
A14,69,A30,A42,7599,A63,A71,4,A102,4,A123,1,A141,A153,1,A174,1,A191,A202,A92,0.5010477168052113,1
A14,69,A30,A42,7599,A63,A71,4,A102,4,A123,0,A141,A153,1,A174,1,A191,A202,A92,0.45223976701700624,0
A11,2,A33,A42,16199,A65,A74,3,A101,2,A121,1,A142,A152,1,A171,1,A192,A201,A92,0.5124301206421681,1
A11,2,A33,A42,16199,A65,A74,3,A101,2,A121,0,A142,A152,1,A171,1,A192,A201,A92,0.4635776347477862,0
A13,27,A30,A41,10344,A61,A74,1,A103,2,A121,1,A141,A152,2,A172,1,A192,A201,A91,0.503803763730259,1
A13,27,A30,A41,10344,A61,A74,1,A103,2,A121,0,A141,A152,2,A172,1,A192,A201,A91,0.454957014537365,0
A11,76,A34,A46,18300,A61,A71,1,A101,2,A122,0,A143,A153,1,A171,2,A192,A202,A91,0.4992185716360205,0
A11,76,A34,A46,18300,A61,A71,1,A101,2,A122,1,A143,A153,1,A171,2,A192,A202,A91,0.5480580963803735,1
A13,14,A30,A40,19099,A63,A71,2,A102,4,A121,0,A143,A152,4,A171,1,A191,A202,A92,0.4587091842077805,0
A13,14,A30,A40,19099,A63,A71,2,A102,4,A121,1,A143,A152,4,A171,1,A191,A202,A92,0.507564551388286,1
A14,72,A34,A40,1899,A63,A71,4,A101,4,A123,0,A142,A151,1,A171,1,A191,A201,A92,0.45700997363766155,0
A14,72,A34,A40,1899,A63,A71,4,A101,4,A123,1,A142,A151,1,A171,1,A191,A201,A92,0.5058730402554033,1
A14,15,A30,A40,15400,A65,A72,4,A102,1,A122,1,A142,A151,3,A174,1,A192,A201,A91,0.5467614198333517,1
A14,15,A30,A40,15400,A65,A72,4,A102,1,A122,0,A142,A151,3,A174,1,A192,A201,A91,0.49797117612857883,0
A11,19,A33,A40,1299,A63,A72,4,A101,4,A123,0,A142,A152,4,A174,2,A191,A202,A91,0.49572012130277493,0
A11,19,A33,A40,1299,A63,A72,4,A101,4,A123,1,A142,A152,4,A174,2,A191,A202,A91,0.5445654614377992,1
A13,79,A34,A48,999,A63,A71,1,A101,4,A121,1,A143,A153,2,A171,1,A191,A201,A92,0.5086981697698382,1
A13,79,A34,A48,999,A63,A71,1,A101,4,A121,0,A143,A153,2,A171,1,A191,A201,A92,0.45982278747640587,0
A14,80,A33,A45,7600,A61,A71,3,A101,1,A123,0,A143,A151,3,A171,1,A192,A202,A92,0.47114018137051805,0
A14,80,A33,A45,7600,A61,A71,3,A101,1,A123,1,A143,A151,3,A171,1,A192,A202,A92,0.5200684569266542,1
A14,79,A34,A41,4200,A63,A71,1,A101,1,A123,0,A143,A152,4,A174,1,A191,A201,A91,0.49570343322982785,0
A14,79,A34,A41,4200,A63,A71,1,A101,1,A123,1,A143,A152,4,A174,1,A191,A201,A91,0.5445560004415051,1
A11,8,A33,A44,13499,A63,A72,1,A103,4,A121,1,A141,A151,3,A171,2,A191,A201,A92,0.5012289139841869,1
A11,8,A33,A44,13499,A63,A72,1,A103,4,A121,0,A141,A151,3,A171,2,A191,A201,A92,0.4524155379142907,0
A13,10,A30,A40,2179,A63,A74,4,A102,4,A123,1,A141,A153,4,A171,1,A191,A202,A92,0.5000158427283115,1
A13,10,A30,A40,2179,A63,A74,4,A102,4,A123,0,A141,A153,4,A171,1,A191,A202,A92,0.4512080634276132,0
A13,12,A34,A48,16000,A61,A72,1,A101,3,A123,0,A141,A152,1,A171,2,A191,A202,A92,0.49362657003219823,0
A13,12,A34,A48,16000,A61,A72,1,A101,3,A123,1,A141,A152,1,A171,2,A191,A202,A92,0.5425495537675217,1
A13,11,A30,A41,8700,A63,A72,1,A103,1,A123,1,A141,A153,1,A171,1,A192,A202,A92,0.5468937631428419,1
A13,11,A30,A41,8700,A63,A72,1,A103,1,A123,0,A141,A153,1,A171,1,A192,A202,A92,0.498043654225414,0
A13,0,A33,A40,2700,A63,A72,1,A101,1,A121,1,A141,A151,1,A171,1,A191,A201,A92,0.5024314806046332,1
A13,0,A33,A40,2700,A63,A72,1,A101,1,A121,0,A141,A151,1,A171,1,A191,A201,A92,0.4535904815199257,0
A11,36,A33,A45,13821,A63,A74,2,A102,2,A121,0,A141,A151,1,A173,1,A191,A202,A92,0.4993826032960079,0
A11,36,A33,A45,13821,A63,A74,2,A102,2,A121,1,A141,A151,1,A173,1,A191,A202,A92,0.5481828154030869,1
A14,0,A33,A410,10238,A63,A72,1,A101,1,A123,0,A142,A151,4,A174,1,A191,A201,A92,0.49999295454472353,0
A14,0,A33,A410,10238,A63,A72,1,A101,1,A123,1,A142,A151,4,A174,1,A191,A201,A92,0.5487798708460265,1
A14,47,A33,A44,15500,A61,A74,1,A103,1,A121,1,A142,A152,1,A171,1,A191,A201,A91,0.5444121893420502,1
A14,47,A33,A44,15500,A61,A74,1,A103,1,A121,0,A142,A152,1,A171,1,A191,A201,A91,0.49555657860485636,0
A13,0,A33,A40,13099,A61,A74,3,A103,4,A121,1,A143,A151,4,A171,1,A192,A201,A91,0.5347497707249245,1
A13,0,A33,A40,13099,A61,A74,3,A103,4,A121,0,A143,A151,4,A171,1,A192,A201,A91,0.4858518349606347,0
A14,72,A30,A40,11500,A63,A71,1,A103,2,A123,0,A141,A151,4,A174,1,A192,A202,A91,0.49784910794925663,0
A14,72,A30,A40,11500,A63,A71,1,A103,2,A123,1,A141,A151,4,A174,1,A192,A202,A91,0.5467160434617478,1
A13,10,A30,A48,18799,A61,A71,4,A101,4,A121,1,A142,A153,1,A174,1,A192,A201,A91,0.5202645942460357,1
A13,10,A30,A48,18799,A61,A71,4,A101,4,A121,0,A142,A153,1,A174,1,A192,A201,A91,0.471311274231624,0
A14,20,A33,A40,12099,A63,A72,3,A102,1,A121,1,A142,A151,1,A171,1,A192,A201,A92,0.5001073954610402,1
A14,20,A33,A40,12099,A63,A72,3,A102,1,A121,0,A142,A151,1,A171,1,A192,A201,A92,0.45128552122251303,0
A14,3,A33,A40,11399,A63,A72,4,A101,4,A122,0,A143,A151,1,A171,1,A191,A201,A92,0.47584185873961266,0
A14,3,A33,A40,11399,A63,A72,4,A101,4,A122,1,A143,A151,1,A171,1,A191,A201,A92,0.5248100571638321,1
A13,1,A33,A40,5100,A63,A72,3,A101,4,A123,1,A142,A152,1,A171,1,A192,A202,A91,0.5472586181645949,1
A13,1,A33,A40,5100,A63,A72,3,A101,4,A123,0,A142,A152,1,A171,1,A192,A202,A91,0.49841558252873625,0
A13,6,A30,A49,12500,A65,A72,1,A102,4,A123,0,A141,A153,1,A173,2,A191,A201,A91,0.48382809656979,0
A13,6,A30,A49,12500,A65,A72,1,A102,4,A123,1,A141,A153,1,A173,2,A191,A201,A91,0.5327333938284995,1
A14,0,A33,A41,18599,A63,A72,3,A101,4,A121,1,A142,A151,4,A171,1,A191,A202,A92,0.5128723421979633,1
A14,0,A33,A41,18599,A63,A72,3,A101,4,A121,0,A142,A151,4,A171,1,A191,A202,A92,0.4639798705997199,0
A14,75,A30,A41,2079,A63,A72,4,A101,1,A122,0,A143,A153,1,A174,1,A192,A202,A91,0.4984832927539239,0
A14,75,A30,A41,2079,A63,A72,4,A101,1,A122,1,A143,A153,1,A174,1,A192,A202,A91,0.5473106011552415,1
A11,74,A34,A46,10957,A65,A72,4,A101,2,A121,1,A143,A153,1,A171,1,A192,A202,A91,0.5000120280310488,1
A11,74,A34,A46,10957,A65,A72,4,A101,2,A121,0,A143,A153,1,A171,1,A192,A202,A91,0.4512061742426252,0
A14,77,A34,A40,16700,A63,A71,3,A102,1,A121,1,A141,A152,1,A174,2,A192,A202,A91,0.5389875935085833,1
A14,77,A34,A40,16700,A63,A71,3,A102,1,A121,0,A141,A152,1,A174,2,A192,A202,A91,0.4901942546905946,0
A14,22,A33,A410,11099,A63,A72,3,A101,2,A121,1,A142,A152,4,A171,1,A191,A202,A92,0.5094980374249191,1
A14,22,A33,A410,11099,A63,A72,3,A101,2,A121,0,A142,A152,4,A171,1,A191,A202,A92,0.46060032198927026,0
A13,1,A33,A40,1100,A63,A72,2,A103,4,A122,0,A141,A153,2,A173,1,A192,A201,A91,0.49856340069762145,0
A13,1,A33,A40,1100,A63,A72,2,A103,4,A122,1,A141,A153,2,A173,1,A192,A201,A91,0.5473852658267362,1
A11,12,A34,A46,16999,A61,A72,4,A101,4,A123,0,A141,A152,4,A173,2,A192,A202,A92,0.4541360663299626,0
A11,12,A34,A46,16999,A61,A72,4,A101,4,A123,1,A141,A152,4,A173,2,A192,A202,A92,0.502995085468632,1
A13,6,A30,A40,6899,A63,A72,1,A101,4,A123,0,A143,A151,1,A171,2,A191,A201,A92,0.4571240441074695,0
A13,6,A30,A40,6899,A63,A72,1,A101,4,A123,1,A143,A151,1,A171,2,A191,A201,A92,0.5059626730830112,1
A11,3,A33,A40,11699,A63,A72,1,A102,4,A123,0,A141,A151,2,A171,1,A191,A202,A92,0.4688786063882048,0
A11,3,A33,A40,11699,A63,A72,1,A102,4,A123,1,A141,A151,2,A171,1,A191,A202,A92,0.5177848267627873,1
A13,15,A30,A42,15816,A61,A74,1,A102,2,A123,1,A143,A151,2,A173,1,A191,A201,A91,0.49999676924198866,0
A13,15,A30,A42,15816,A61,A74,1,A102,2,A123,0,A143,A151,2,A173,1,A191,A201,A91,0.45117216915341524,0
A13,3,A34,A42,10867,A65,A72,1,A102,4,A122,1,A142,A153,4,A173,1,A192,A201,A92,0.5464513325123783,1
A13,3,A34,A42,10867,A65,A72,1,A102,4,A122,0,A142,A153,4,A173,1,A192,A201,A92,0.4976011577647683,0
A11,54,A34,A46,15399,A65,A71,1,A102,2,A123,0,A141,A152,3,A172,2,A192,A201,A91,0.4527104060513054,0
A11,54,A34,A46,15399,A65,A71,1,A102,2,A123,1,A141,A152,3,A172,2,A192,A201,A91,0.5015646047112859,1
A13,79,A34,A46,9399,A65,A74,3,A103,1,A123,1,A142,A153,1,A174,2,A192,A202,A91,0.5048298404458971,1
A13,79,A34,A46,9399,A65,A74,3,A103,1,A123,0,A142,A153,1,A174,2,A192,A202,A91,0.4559825974115099,0
A13,1,A33,A43,5234,A63,A72,1,A101,1,A123,1,A142,A153,4,A174,1,A191,A202,A92,0.5295224791971475,1
A13,1,A33,A43,5234,A63,A72,1,A101,1,A123,0,A142,A153,4,A174,1,A191,A202,A92,0.48061638327337364,0
A11,7,A34,A40,17082,A65,A74,4,A103,1,A123,0,A141,A152,2,A172,2,A191,A201,A91,0.4830583728082785,0
A11,7,A34,A40,17082,A65,A74,4,A103,1,A123,1,A141,A152,2,A172,2,A191,A201,A91,0.5320192378620151,1
A13,58,A33,A46,3791,A61,A71,3,A103,2,A121,1,A142,A151,3,A173,1,A192,A201,A92,0.5004106638029672,1
A13,58,A33,A46,3791,A61,A71,3,A103,2,A121,0,A142,A151,3,A173,1,A192,A201,A92,0.45158309442751954,0
A14,80,A34,A41,14600,A61,A74,2,A102,4,A121,0,A143,A153,2,A173,2,A192,A202,A92,0.4958808040876268,0
A14,80,A34,A41,14600,A61,A74,2,A102,4,A121,1,A143,A153,2,A173,2,A192,A202,A92,0.5447376459432196,1
A11,0,A34,A46,18100,A65,A74,3,A101,1,A123,0,A141,A152,4,A172,2,A191,A201,A91,0.49897443181304807,0
A11,0,A34,A46,18100,A65,A74,3,A101,1,A123,1,A141,A152,4,A172,2,A191,A201,A91,0.5477557222102805,1
A14,29,A30,A40,19499,A63,A72,3,A103,4,A123,1,A143,A151,2,A171,1,A191,A202,A92,0.5017286349132397,1
A14,29,A30,A40,19499,A63,A72,3,A103,4,A123,0,A143,A151,2,A171,1,A191,A202,A92,0.45295615486414137,0
A13,67,A30,A48,5351,A63,A71,4,A103,4,A123,0,A142,A153,1,A174,1,A191,A202,A91,0.49518277035066266,0
A13,67,A30,A48,5351,A63,A71,4,A103,4,A123,1,A142,A153,1,A174,1,A191,A202,A91,0.5440393814090958,1
A11,80,A34,A46,17899,A65,A72,1,A103,4,A122,0,A143,A151,1,A171,2,A192,A202,A92,0.4594063820770912,0
A11,80,A34,A46,17899,A65,A72,1,A103,4,A122,1,A143,A151,1,A171,2,A192,A202,A92,0.5082739069692388,1
A13,0,A30,A41,7299,A61,A74,4,A102,4,A121,0,A141,A153,1,A171,1,A192,A201,A92,0.4841043777148776,0
A13,0,A30,A41,7299,A61,A74,4,A102,4,A121,1,A141,A153,1,A171,1,A192,A201,A92,0.5330201582458004,1
A14,1,A33,A40,11100,A63,A72,4,A103,1,A121,0,A141,A152,1,A171,1,A191,A201,A92,0.49749053420966677,0
A14,1,A33,A40,11100,A63,A72,4,A103,1,A121,1,A141,A152,1,A171,1,A191,A201,A92,0.5463416588435491,1
A13,74,A34,A49,12399,A65,A71,1,A103,4,A121,0,A141,A151,1,A171,2,A192,A201,A92,0.45632706550204133,0
A13,74,A34,A49,12399,A65,A71,1,A103,4,A121,1,A141,A151,1,A171,2,A192,A201,A92,0.5052189002572147,1
A11,57,A30,A49,9100,A65,A72,1,A103,1,A121,1,A143,A152,3,A171,1,A191,A201,A92,0.5367574243430994,1
A11,57,A30,A49,9100,A65,A72,1,A103,1,A121,0,A143,A152,3,A171,1,A191,A201,A92,0.4878646009557383,0
A14,79,A33,A49,10195,A63,A72,1,A103,2,A121,0,A141,A153,2,A174,2,A191,A202,A91,0.45120239587686894,0
A14,79,A33,A49,10195,A63,A72,1,A103,2,A121,1,A141,A153,2,A174,2,A191,A202,A91,0.5000196574255723,1
A11,0,A34,A410,6000,A63,A72,4,A101,3,A123,1,A142,A153,3,A174,1,A191,A201,A92,0.5474155091376722,1
A11,0,A34,A410,6000,A63,A72,4,A101,3,A123,0,A142,A153,3,A174,1,A191,A201,A92,0.4986082230318939,0
A13,0,A34,A41,2300,A63,A74,4,A101,4,A122,1,A141,A153,4,A174,1,A192,A201,A92,0.5484615216240468,1
A13,0,A34,A41,2300,A63,A74,4,A101,4,A122,0,A141,A153,4,A174,1,A192,A201,A92,0.4996439098051214,0
A11,72,A30,A49,4799,A65,A71,4,A102,4,A122,0,A142,A153,2,A174,1,A192,A201,A92,0.45380889124874463,0
A11,72,A30,A49,4799,A65,A71,4,A102,4,A122,1,A142,A153,2,A174,1,A192,A201,A92,0.5026555882655677,1
A11,25,A30,A40,399,A65,A74,4,A101,4,A123,1,A142,A153,3,A171,2,A191,A201,A92,0.5051041139453454,1
A11,25,A30,A40,399,A65,A74,4,A101,4,A123,0,A142,A153,3,A171,2,A191,A201,A92,0.45624993507640127,0
A14,73,A34,A46,5600,A61,A71,4,A101,2,A122,1,A142,A152,4,A173,1,A192,A201,A92,0.5441226524508699,1
A14,73,A34,A46,5600,A61,A71,4,A101,2,A122,0,A142,A152,4,A173,1,A192,A201,A92,0.4952781291041081,0
A14,22,A34,A41,18400,A63,A71,3,A102,1,A121,0,A141,A153,4,A172,2,A192,A201,A92,0.49091116162247583,0
A14,22,A34,A41,18400,A63,A71,3,A102,1,A121,1,A141,A153,4,A172,2,A192,A201,A92,0.5398443572401167,1
A13,17,A30,A410,7999,A65,A72,2,A101,4,A121,0,A141,A151,4,A174,1,A191,A202,A92,0.47885308166950274,0
A13,17,A30,A410,7999,A65,A72,2,A101,4,A121,1,A141,A151,4,A174,1,A191,A202,A92,0.5277810866916652,1
A14,76,A33,A40,1465,A61,A74,3,A101,4,A123,0,A143,A151,1,A173,2,A191,A202,A92,0.49999295454472353,0
A14,76,A33,A40,1465,A61,A74,3,A101,4,A123,1,A143,A151,1,A173,2,A191,A202,A92,0.5488039579637958,1
A11,0,A33,A41,10499,A63,A72,1,A101,4,A121,1,A141,A151,1,A171,2,A191,A201,A92,0.5003629801157229,1
A11,0,A33,A41,10499,A63,A72,1,A101,4,A121,0,A141,A151,1,A171,2,A191,A201,A92,0.4515764813126615,0
A13,8,A33,A40,10099,A63,A71,2,A102,4,A122,1,A141,A152,4,A171,2,A191,A202,A92,0.50875823294331,1
A13,8,A33,A40,10099,A63,A71,2,A102,4,A122,0,A141,A152,4,A171,2,A191,A202,A92,0.4598687423729719,0
A13,24,A33,A40,4999,A63,A72,3,A101,1,A121,1,A143,A151,1,A171,2,A191,A202,A92,0.5302655865224921,1
A13,24,A33,A40,4999,A63,A72,3,A101,1,A121,0,A143,A151,1,A171,2,A191,A202,A92,0.4813458407081097,0
A11,3,A33,A40,11257,A63,A72,3,A102,1,A122,1,A141,A151,2,A171,1,A191,A202,A92,0.51310869377557,1
A11,3,A33,A40,11257,A63,A72,3,A102,1,A122,0,A141,A151,2,A171,1,A191,A202,A92,0.46418100613480745,0
A11,12,A33,A40,5999,A63,A72,2,A102,1,A121,1,A143,A151,4,A171,1,A191,A201,A92,0.5296118111048997,1
A11,12,A33,A40,5999,A63,A72,2,A102,1,A121,0,A143,A151,4,A171,1,A191,A201,A92,0.4806982765229136,0
A13,59,A34,A41,3500,A61,A71,3,A101,1,A123,0,A141,A151,2,A174,1,A191,A202,A91,0.49261205306904166,0
A13,59,A34,A41,3500,A61,A71,3,A101,1,A123,1,A141,A151,2,A174,1,A191,A202,A91,0.5414823527198328,1
A13,6,A33,A40,9499,A65,A71,4,A101,2,A123,0,A143,A153,2,A173,2,A192,A201,A91,0.4518825919433886,0
A13,6,A33,A40,9499,A65,A71,4,A101,2,A123,1,A143,A153,2,A173,2,A192,A201,A91,0.5006986730841256,1
A13,1,A33,A40,4899,A63,A72,1,A103,4,A121,1,A141,A152,1,A171,1,A191,A201,A92,0.5148258721685953,1
A13,1,A33,A40,4899,A63,A72,1,A103,4,A121,0,A141,A152,1,A171,1,A191,A201,A92,0.4659120053929151,0
A14,25,A30,A40,10699,A63,A71,4,A101,4,A123,0,A141,A153,1,A171,1,A192,A201,A91,0.45153491355382064,0
A14,25,A30,A40,10699,A63,A71,4,A101,4,A123,1,A141,A153,1,A171,1,A192,A201,A91,0.5003629801157229,1
A13,0,A33,A40,2600,A63,A72,1,A101,1,A121,1,A141,A151,1,A171,1,A191,A201,A92,0.5043044097886511,1
A13,0,A33,A40,2600,A63,A72,1,A101,1,A121,0,A141,A151,1,A171,1,A191,A201,A92,0.4554498905232162,0
A13,13,A30,A43,12999,A61,A71,4,A101,3,A121,1,A142,A152,1,A171,2,A191,A201,A92,0.5041432503322111,1
A13,13,A30,A43,12999,A61,A71,4,A101,3,A121,0,A142,A152,1,A171,2,A191,A201,A92,0.455301356282077,0
A11,80,A30,A48,3899,A63,A74,1,A103,2,A122,1,A141,A153,4,A171,2,A192,A202,A92,0.5011173347038647,1
A11,80,A30,A48,3899,A63,A74,1,A103,2,A122,0,A141,A153,4,A171,2,A192,A202,A92,0.4523087509513554,0
A11,27,A34,A49,8099,A63,A72,3,A101,4,A123,1,A142,A151,4,A171,1,A192,A201,A92,0.5077056622743465,1
A11,27,A34,A49,8099,A63,A72,3,A101,4,A123,0,A142,A151,4,A171,1,A192,A201,A92,0.458849368708817,0
A14,33,A34,A40,6734,A63,A72,4,A101,4,A121,1,A141,A151,4,A173,2,A192,A201,A91,0.5487930951742845,1
A14,33,A34,A40,6734,A63,A72,4,A101,4,A121,0,A141,A151,4,A173,2,A192,A201,A91,0.49998532515019595,0
A13,80,A30,A44,1699,A61,A74,3,A103,4,A122,0,A143,A151,4,A171,1,A191,A202,A91,0.4576362331599725,0
A13,80,A30,A44,1699,A61,A74,3,A103,4,A122,1,A143,A151,4,A171,1,A191,A202,A91,0.506494263961721,1
A11,3,A33,A40,8499,A63,A72,2,A101,4,A123,0,A142,A151,4,A171,1,A192,A202,A92,0.478544652004082,0
A11,3,A33,A40,8499,A63,A72,2,A101,4,A123,1,A142,A151,4,A171,1,A192,A202,A92,0.5274806459311457,1
A13,7,A33,A41,3900,A61,A72,4,A103,1,A123,1,A141,A153,4,A174,2,A192,A202,A91,0.5345210380718,1
A13,7,A33,A41,3900,A61,A72,4,A103,1,A123,0,A141,A153,4,A174,2,A192,A202,A91,0.4856021759014127,0
A13,0,A33,A45,17400,A63,A72,1,A103,1,A121,0,A143,A151,1,A171,1,A192,A201,A92,0.4940995211975621,0
A13,0,A33,A45,17400,A63,A72,1,A103,1,A121,1,A143,A151,1,A171,1,A192,A201,A92,0.5429130899337261,1
A11,11,A33,A40,3199,A63,A72,4,A101,4,A121,0,A142,A151,1,A171,1,A191,A201,A92,0.45358008150156603,0
A11,11,A33,A40,3199,A63,A72,4,A101,4,A121,1,A142,A151,1,A171,1,A191,A201,A92,0.5024133612179407,1
A13,4,A33,A40,9200,A65,A74,4,A102,2,A121,1,A142,A151,1,A171,2,A191,A201,A92,0.513402219013562,1
A13,4,A33,A40,9200,A65,A74,4,A102,2,A121,0,A142,A151,1,A171,2,A191,A201,A92,0.4645187882146031,0
A13,1,A34,A41,15600,A65,A74,1,A101,1,A121,0,A141,A151,4,A171,2,A192,A201,A92,0.4708018177175003,0
A13,1,A34,A41,15600,A65,A74,1,A101,1,A121,1,A141,A151,4,A171,2,A192,A201,A92,0.5196628330106305,1
A13,25,A34,A40,4699,A63,A72,3,A101,4,A123,1,A142,A152,1,A171,1,A191,A202,A92,0.5018678695615334,1
A13,25,A34,A40,4699,A63,A72,3,A101,4,A123,0,A142,A152,1,A171,1,A191,A202,A92,0.4530393365860181,0
A14,3,A33,A49,19999,A63,A72,4,A101,4,A121,1,A141,A151,1,A171,1,A192,A201,A91,0.5024228977380457,1
A14,3,A33,A49,19999,A63,A72,4,A101,4,A121,0,A141,A151,1,A171,1,A192,A201,A91,0.453553608910402,0
A13,8,A33,A40,2999,A63,A72,1,A101,1,A121,1,A142,A151,1,A171,1,A191,A201,A92,0.5008693803653694,1
A13,8,A33,A40,2999,A63,A72,1,A101,1,A121,0,A142,A151,1,A171,1,A191,A201,A92,0.45204605482967636,0
A13,6,A34,A43,13799,A63,A72,1,A101,1,A123,0,A141,A151,1,A173,2,A192,A201,A91,0.45285785258035,0
A13,6,A34,A43,13799,A63,A72,1,A101,1,A123,1,A141,A151,1,A173,2,A192,A201,A91,0.501713376304956,1
A14,12,A33,A40,15099,A63,A72,4,A101,4,A121,1,A141,A151,1,A171,2,A191,A202,A92,0.5041012915145523,1
A14,12,A33,A40,15099,A63,A72,4,A101,4,A121,0,A141,A151,1,A171,2,A191,A202,A92,0.45523324132646786,0
A13,19,A33,A41,13399,A65,A71,1,A101,3,A123,1,A143,A151,1,A174,1,A191,A201,A91,0.5005079385008504,1
A13,19,A33,A41,13399,A65,A71,1,A101,3,A123,0,A143,A151,1,A174,1,A191,A201,A91,0.45171630509347965,0
A13,17,A33,A40,6499,A65,A71,1,A101,2,A122,1,A141,A152,1,A173,2,A191,A201,A92,0.5011793232073831,1
A13,17,A33,A40,6499,A65,A71,1,A101,2,A122,0,A141,A152,1,A173,2,A191,A201,A92,0.45234938618135345,0
A13,6,A33,A40,10599,A63,A71,3,A103,4,A123,1,A143,A151,4,A174,2,A191,A201,A92,0.5053714710330133,1
A13,6,A33,A40,10599,A63,A71,3,A103,4,A123,0,A143,A151,4,A174,2,A191,A201,A92,0.45645199284184373,0
A14,57,A34,A40,7799,A63,A71,4,A103,4,A122,0,A142,A153,4,A173,2,A191,A201,A92,0.4747801535686291,0
A14,57,A34,A40,7799,A63,A71,4,A103,4,A122,1,A142,A153,4,A173,2,A191,A201,A92,0.5237044963203829,1
A13,1,A34,A40,13699,A63,A74,1,A103,1,A123,0,A141,A151,4,A173,2,A191,A201,A92,0.454559750679953,0
A13,1,A34,A40,13699,A63,A74,1,A103,1,A123,1,A141,A151,4,A173,2,A191,A201,A92,0.503445201045221,1
A13,8,A33,A45,8299,A63,A74,1,A101,4,A123,0,A141,A153,3,A171,1,A192,A202,A92,0.45164072372338193,0
A13,8,A33,A45,8299,A63,A74,1,A101,4,A123,1,A141,A153,3,A171,1,A192,A202,A92,0.5004354593174369,1
A13,22,A30,A40,19700,A65,A74,1,A103,1,A121,0,A141,A152,3,A174,2,A192,A202,A91,0.4834241723207597,0
A13,22,A30,A40,19700,A65,A74,1,A103,1,A121,1,A141,A152,3,A174,2,A192,A202,A91,0.5323611375869293,1
A13,0,A33,A40,2400,A63,A72,1,A101,1,A121,1,A141,A151,1,A171,1,A191,A201,A92,0.5080431792357659,1
A13,0,A33,A40,2400,A63,A72,1,A101,1,A121,0,A141,A151,1,A171,1,A191,A201,A92,0.45916764956020434,0
A13,0,A33,A40,17103,A65,A74,3,A103,4,A121,1,A143,A152,2,A171,2,A191,A201,A91,0.5003858682864776,1
A13,0,A33,A40,17103,A65,A74,3,A103,4,A121,0,A143,A152,2,A171,2,A191,A201,A91,0.4516029338746838,0
A13,31,A34,A41,16500,A65,A74,1,A102,2,A123,1,A142,A152,1,A174,1,A192,A202,A92,0.5476045218904647,1
A13,31,A34,A41,16500,A65,A74,1,A102,2,A123,0,A142,A152,1,A174,1,A192,A202,A92,0.4987379218247297,0
A13,29,A34,A44,18299,A63,A72,1,A103,4,A121,1,A143,A151,1,A171,1,A191,A201,A91,0.5037808768633526,1
A13,29,A34,A44,18299,A63,A72,1,A103,4,A121,0,A143,A151,1,A171,1,A191,A201,A91,0.4548699899133029,0
A13,48,A30,A44,14700,A65,A71,3,A102,1,A122,1,A142,A151,2,A174,2,A192,A202,A92,0.5470979369537237,1
A13,48,A30,A44,14700,A65,A71,3,A102,1,A122,0,A142,A151,2,A174,2,A192,A202,A92,0.4982343864441358,0
A13,58,A30,A49,8699,A65,A74,4,A102,1,A121,0,A142,A151,1,A174,2,A192,A201,A91,0.4612296922086692,0
A13,58,A30,A49,8699,A65,A74,4,A102,1,A121,1,A142,A151,1,A174,2,A192,A201,A91,0.5101310330987726,1
A13,80,A30,A49,14299,A65,A74,2,A103,4,A121,0,A143,A153,1,A173,2,A192,A202,A91,0.4558084866856122,0
A13,80,A30,A49,14299,A65,A74,2,A103,4,A121,1,A143,A153,1,A173,2,A192,A202,A91,0.5046505657906484,1
A11,13,A33,A40,4133,A63,A72,1,A101,3,A121,1,A141,A151,3,A171,2,A192,A201,A92,0.5000234721228308,1
A11,13,A33,A40,4133,A63,A72,1,A101,3,A121,0,A141,A151,3,A171,2,A192,A201,A92,0.4512231769581471,0
A13,75,A30,A46,870,A63,A71,4,A102,3,A122,0,A142,A153,3,A171,1,A192,A202,A91,0.45221283543093593,0
A13,75,A30,A46,870,A63,A71,4,A102,3,A122,1,A142,A153,3,A171,1,A192,A202,A91,0.5010338885875434,1
