status,month,credit_history,purpose,credit_amount,savings,employment,investment_as_income_percentage,other_debtors,residence_since,property,age,installment_plans,housing,number_of_credits,skill_level,people_liable_for,telephone,foreign_worker,sex,credit
1.0,24.0,1.0,4.0,3939.0,0.0,0.0,2.0,0.0,4.0,1.0,1.0,2.0,1.0,1.0,1.0,1.0,1.0,0.0,0.0,1.0
1.0,24.0,2.0,3.0,3021.0,1.0,0.0,3.0,0.0,2.0,2.0,1.0,2.0,1.0,2.0,2.0,1.0,1.0,0.0,1.0,1.0
2.0,24.0,1.0,3.0,2155.0,2.0,0.0,1.0,0.0,2.0,2.0,1.0,0.0,1.0,1.0,3.0,1.0,1.0,0.0,1.0,0.0
2.0,24.0,1.0,4.0,2748.0,2.0,1.0,3.0,0.0,3.0,0.0,1.0,2.0,1.0,1.0,2.0,1.0,0.0,0.0,1.0,1.0
2.0,12.0,1.0,5.0,4842.0,1.0,1.0,3.0,1.0,4.0,2.0,1.0,2.0,1.0,1.0,2.0,1.0,1.0,0.0,1.0,1.0
2.0,12.0,2.0,0.0,1534.0,2.0,1.0,2.0,0.0,3.0,0.0,1.0,2.0,1.0,2.0,2.0,2.0,0.0,0.0,1.0,1.0
1.0,12.0,2.0,3.0,1231.0,1.0,0.0,3.0,0.0,3.0,1.0,1.0,2.0,1.0,2.0,1.0,1.0,0.0,0.0,1.0,1.0
2.0,0.0,0.0,4.0,8653.0,0.0,2.0,4.0,0.0,4.0,2.0,1.0,2.0,1.0,4.0,0.0,1.0,1.0,1.0,1.0,1.0
1.0,0.0,2.0,0.0,6999.0,1.0,2.0,1.0,0.0,4.0,0.0,0.0,2.0,0.0,2.0,0.0,1.0,0.0,0.0,1.0,0.0
2.0,6.0,1.0,0.0,753.0,1.0,1.0,3.0,0.0,4.0,2.0,1.0,2.0,1.0,1.0,2.0,1.0,0.0,0.0,1.0,1.0
1.0,12.0,1.0,3.0,1495.0,1.0,0.0,4.0,0.0,2.0,2.0,0.0,2.0,1.0,1.0,2.0,1.0,0.0,0.0,1.0,1.0
1.0,10.0,1.0,4.0,1264.0,1.0,1.0,2.0,0.0,4.0,0.0,1.0,2.0,1.0,1.0,2.0,1.0,0.0,0.0,1.0,1.0
2.0,18.0,1.0,4.0,1778.0,1.0,0.0,4.0,0.0,2.0,0.0,1.0,2.0,0.0,1.0,2.0,1.0,0.0,0.0,0.0,0.0
1.0,12.0,2.0,4.0,930.0,1.0,0.0,4.0,0.0,3.0,2.0,0.0,2.0,1.0,2.0,2.0,1.0,0.0,0.0,1.0,0.0
2.0,12.0,2.0,0.0,996.0,1.0,0.0,1.0,0.0,1.0,1.0,1.0,2.0,0.0,2.0,1.0,1.0,0.0,0.0,0.0,1.0
0.0,80.0,1.0,1.0,589.0,0.0,1.0,3.0,2.0,4.0,0.0,0.0,0.0,1.0,1.0,2.0,1.0,0.0,0.0,1.0,0.0
1.0,48.0,1.0,0.0,3496.0,1.0,1.0,4.0,0.0,4.0,2.0,1.0,2.0,0.0,1.0,2.0,1.0,0.0,0.0,1.0,1.0
1.0,12.0,1.0,4.0,709.0,1.0,0.0,2.0,0.0,4.0,0.0,0.0,2.0,1.0,1.0,2.0,1.0,0.0,0.0,0.0,0.0
2.0,24.0,1.0,4.0,2748.0,1.0,0.0,2.0,0.0,4.0,1.0,0.0,2.0,0.0,1.0,2.0,1.0,1.0,0.0,0.0,1.0
1.0,9.0,1.0,4.0,3195.0,1.0,1.0,4.0,0.0,2.0,0.0,1.0,2.0,1.0,2.0,2.0,1.0,1.0,0.0,1.0,1.0
1.0,12.0,1.0,4.0,1535.0,1.0,0.0,2.0,0.0,2.0,0.0,1.0,2.0,1.0,1.0,2.0,1.0,0.0,0.0,1.0,1.0
0.0,0.0,0.0,0.0,14200.0,0.0,0.0,1.0,0.0,1.0,0.0,0.0,0.0,0.0,1.0,0.0,1.0,0.0,0.0,0.0,0.0
1.0,1.0,1.0,3.0,1371.0,1.0,0.0,2.0,0.0,4.0,1.0,1.0,2.0,1.0,1.0,0.0,1.0,0.0,0.0,1.0,0.0
1.0,18.0,2.0,4.0,1126.0,1.0,1.0,3.0,0.0,2.0,3.0,1.0,2.0,1.0,1.0,3.0,1.0,1.0,0.0,1.0,1.0
2.0,24.0,1.0,3.0,2684.0,1.0,0.0,4.0,0.0,2.0,1.0,1.0,2.0,1.0,1.0,2.0,1.0,0.0,0.0,0.0,1.0
1.0,48.0,2.0,4.0,5804.0,1.0,1.0,2.0,0.0,4.0,3.0,1.0,0.0,1.0,2.0,3.0,2.0,1.0,0.0,1.0,0.0
0.0,0.0,2.0,0.0,7308.0,0.0,0.0,1.0,0.0,1.0,0.0,1.0,0.0,0.0,4.0,0.0,1.0,0.0,0.0,0.0,1.0
2.0,27.0,1.0,3.0,1882.0,1.0,0.0,4.0,0.0,2.0,1.0,1.0,2.0,0.0,1.0,2.0,2.0,1.0,0.0,1.0,1.0
1.0,24.0,2.0,0.0,2181.0,1.0,0.0,3.0,0.0,2.0,2.0,1.0,2.0,1.0,2.0,2.0,2.0,0.0,0.0,1.0,1.0
2.0,6.0,1.0,4.0,932.0,1.0,0.0,4.0,0.0,3.0,1.0,1.0,2.0,1.0,1.0,2.0,1.0,1.0,0.0,0.0,1.0
2.0,24.0,1.0,4.0,1422.0,1.0,1.0,4.0,0.0,4.0,2.0,1.0,2.0,1.0,1.0,3.0,1.0,1.0,0.0,0.0,0.0
0.0,15.0,2.0,0.0,6999.0,1.0,1.0,2.0,0.0,4.0,0.0,0.0,2.0,0.0,1.0,1.0,1.0,0.0,0.0,1.0,1.0
2.0,1.0,0.0,0.0,8487.0,1.0,0.0,1.0,2.0,4.0,0.0,1.0,2.0,1.0,1.0,2.0,1.0,1.0,0.0,1.0,1.0
1.0,3.0,1.0,7.0,6213.0,0.0,2.0,4.0,2.0,4.0,0.0,1.0,2.0,2.0,1.0,3.0,1.0,1.0,1.0,0.0,1.0
2.0,6.0,1.0,4.0,585.0,2.0,0.0,1.0,0.0,2.0,0.0,1.0,0.0,1.0,1.0,1.0,1.0,0.0,0.0,1.0,1.0
1.0,12.0,1.0,4.0,1413.0,1.0,1.0,4.0,0.0,2.0,0.0,1.0,2.0,1.0,2.0,2.0,1.0,0.0,0.0,1.0,0.0
1.0,12.0,1.0,3.0,1597.0,1.0,1.0,4.0,0.0,2.0,2.0,1.0,2.0,1.0,1.0,2.0,1.0,0.0,0.0,1.0,0.0
1.0,20.0,1.0,0.0,3999.0,1.0,0.0,2.0,0.0,4.0,0.0,1.0,2.0,0.0,1.0,2.0,1.0,1.0,0.0,1.0,1.0
2.0,0.0,1.0,0.0,13376.0,2.0,0.0,1.0,2.0,4.0,0.0,1.0,1.0,2.0,1.0,0.0,1.0,1.0,0.0,0.0,1.0
1.0,24.0,1.0,0.0,2483.0,1.0,1.0,4.0,0.0,2.0,2.0,0.0,2.0,0.0,1.0,2.0,1.0,0.0,0.0,0.0,1.0
1.0,36.0,2.0,9.0,8999.0,2.0,1.0,4.0,0.0,4.0,3.0,1.0,2.0,2.0,2.0,2.0,1.0,1.0,0.0,1.0,1.0
1.0,1.0,2.0,9.0,17017.0,2.0,2.0,1.0,0.0,4.0,0.0,1.0,2.0,2.0,1.0,0.0,2.0,1.0,0.0,1.0,1.0
2.0,48.0,1.0,6.0,12735.0,0.0,0.0,4.0,2.0,3.0,0.0,1.0,2.0,0.0,2.0,3.0,2.0,1.0,0.0,0.0,0.0
2.0,18.0,1.0,0.0,1520.0,1.0,1.0,4.0,0.0,4.0,0.0,1.0,2.0,1.0,1.0,2.0,1.0,0.0,0.0,1.0,1.0
2.0,18.0,2.0,4.0,7253.0,2.0,0.0,1.0,0.0,4.0,1.0,1.0,1.0,1.0,2.0,2.0,1.0,0.0,0.0,0.0,1.0
2.0,36.0,1.0,3.0,2743.0,1.0,0.0,4.0,0.0,2.0,0.0,1.0,2.0,1.0,1.0,2.0,1.0,1.0,0.0,1.0,1.0
2.0,24.0,2.0,9.0,11560.0,1.0,1.0,4.0,0.0,4.0,3.0,1.0,0.0,1.0,2.0,2.0,2.0,0.0,0.0,1.0,0.0
1.0,12.0,2.0,3.0,1264.0,1.0,0.0,4.0,0.0,3.0,0.0,1.0,2.0,1.0,2.0,1.0,1.0,0.0,0.0,1.0,0.0
2.0,37.0,0.0,3.0,4388.0,1.0,1.0,1.0,0.0,1.0,1.0,0.0,1.0,1.0,1.0,2.0,1.0,0.0,0.0,1.0,0.0
1.0,30.0,1.0,0.0,7476.0,1.0,1.0,4.0,0.0,4.0,0.0,1.0,0.0,1.0,1.0,2.0,1.0,0.0,0.0,0.0,1.0
2.0,12.0,1.0,4.0,766.0,1.0,0.0,4.0,0.0,2.0,1.0,0.0,2.0,1.0,1.0,1.0,1.0,0.0,0.0,0.0,0.0
1.0,24.0,1.0,0.0,3568.0,1.0,1.0,4.0,0.0,2.0,0.0,0.0,2.0,1.0,1.0,2.0,1.0,0.0,0.0,1.0,0.0
0.0,12.0,0.0,0.0,1295.0,2.0,0.0,4.0,0.0,4.0,1.0,1.0,2.0,0.0,2.0,2.0,2.0,0.0,0.0,1.0,1.0
1.0,18.0,1.0,3.0,2028.0,1.0,0.0,4.0,0.0,2.0,1.0,0.0,2.0,1.0,1.0,2.0,1.0,0.0,0.0,0.0,1.0
0.0,2.0,1.0,0.0,6642.0,0.0,0.0,4.0,2.0,4.0,2.0,1.0,0.0,0.0,1.0,0.0,1.0,0.0,0.0,0.0,1.0
1.0,24.0,1.0,3.0,1670.0,1.0,1.0,4.0,0.0,2.0,3.0,1.0,2.0,2.0,1.0,2.0,1.0,1.0,0.0,1.0,0.0
2.0,48.0,1.0,1.0,10961.0,2.0,1.0,4.0,0.0,4.0,3.0,1.0,2.0,2.0,1.0,2.0,1.0,1.0,0.0,0.0,1.0
1.0,48.0,2.0,4.0,4844.0,1.0,1.0,4.0,0.0,4.0,2.0,1.0,2.0,1.0,1.0,2.0,1.0,0.0,0.0,1.0,1.0
2.0,30.0,1.0,3.0,10366.0,2.0,0.0,2.0,0.0,1.0,1.0,1.0,2.0,1.0,1.0,2.0,1.0,1.0,0.0,1.0,1.0
2.0,12.0,2.0,0.0,626.0,1.0,0.0,4.0,0.0,4.0,1.0,1.0,2.0,1.0,1.0,2.0,1.0,1.0,0.0,1.0,1.0
1.0,18.0,2.0,3.0,1530.0,1.0,0.0,4.0,0.0,3.0,0.0,1.0,2.0,1.0,2.0,2.0,1.0,0.0,0.0,1.0,0.0
1.0,24.0,2.0,3.0,2223.0,1.0,0.0,4.0,0.0,4.0,1.0,1.0,2.0,1.0,1.0,2.0,1.0,0.0,0.0,1.0,1.0
1.0,18.0,1.0,9.0,3617.0,1.0,1.0,4.0,0.0,4.0,2.0,1.0,2.0,1.0,1.0,1.0,1.0,0.0,0.0,1.0,0.0
1.0,12.0,1.0,4.0,1468.0,1.0,0.0,4.0,0.0,3.0,0.0,1.0,2.0,1.0,1.0,2.0,1.0,1.0,0.0,0.0,1.0
0.0,2.0,0.0,0.0,7100.0,0.0,0.0,1.0,1.0,4.0,2.0,0.0,0.0,2.0,3.0,0.0,2.0,0.0,1.0,0.0,0.0
1.0,10.0,0.0,0.0,1468.0,1.0,1.0,2.0,0.0,1.0,2.0,1.0,2.0,0.0,3.0,0.0,1.0,1.0,0.0,0.0,1.0
2.0,0.0,0.0,9.0,12400.0,0.0,2.0,1.0,2.0,1.0,0.0,1.0,0.0,0.0,4.0,0.0,1.0,1.0,0.0,0.0,1.0
1.0,9.0,2.0,0.0,1154.0,1.0,1.0,4.0,0.0,2.0,2.0,1.0,2.0,1.0,2.0,1.0,1.0,1.0,0.0,0.0,0.0
1.0,24.0,1.0,3.0,1231.0,1.0,0.0,2.0,0.0,2.0,1.0,0.0,2.0,1.0,1.0,1.0,1.0,1.0,0.0,0.0,0.0
2.0,0.0,2.0,3.0,12836.0,2.0,0.0,1.0,0.0,4.0,0.0,1.0,0.0,2.0,1.0,2.0,1.0,0.0,1.0,0.0,0.0
1.0,18.0,1.0,0.0,3149.0,1.0,0.0,4.0,0.0,1.0,1.0,1.0,2.0,1.0,1.0,2.0,1.0,0.0,0.0,1.0,0.0
1.0,24.0,2.0,3.0,1377.0,1.0,1.0,1.0,0.0,4.0,3.0,1.0,0.0,2.0,2.0,2.0,1.0,1.0,0.0,1.0,1.0
2.0,12.0,2.0,0.0,1038.0,1.0,1.0,4.0,0.0,3.0,1.0,1.0,2.0,1.0,1.0,2.0,1.0,0.0,0.0,1.0,1.0
2.0,30.0,0.0,4.0,3446.0,1.0,0.0,4.0,0.0,2.0,2.0,1.0,2.0,1.0,2.0,2.0,1.0,0.0,0.0,0.0,1.0
1.0,0.0,2.0,9.0,17628.0,2.0,2.0,1.0,2.0,1.0,0.0,1.0,2.0,2.0,4.0,3.0,2.0,1.0,1.0,1.0,1.0
1.0,27.0,2.0,1.0,10961.0,2.0,0.0,4.0,1.0,4.0,1.0,0.0,2.0,1.0,4.0,2.0,2.0,0.0,0.0,1.0,0.0
1.0,6.0,1.0,0.0,730.0,1.0,1.0,4.0,0.0,4.0,0.0,1.0,2.0,1.0,1.0,1.0,1.0,0.0,0.0,0.0,1.0
2.0,15.0,2.0,4.0,2326.0,1.0,0.0,2.0,0.0,3.0,1.0,1.0,2.0,1.0,2.0,2.0,1.0,0.0,0.0,1.0,1.0
2.0,24.0,1.0,4.0,1123.0,1.0,1.0,4.0,0.0,4.0,2.0,1.0,2.0,1.0,1.0,2.0,1.0,0.0,0.0,1.0,1.0
2.0,24.0,1.0,1.0,5998.0,1.0,0.0,2.0,0.0,3.0,0.0,1.0,2.0,1.0,1.0,2.0,1.0,0.0,0.0,1.0,1.0
1.0,24.0,2.0,0.0,1231.0,2.0,2.0,4.0,0.0,4.0,2.0,1.0,2.0,1.0,2.0,3.0,1.0,1.0,0.0,1.0,1.0
1.0,24.0,1.0,0.0,1413.0,1.0,1.0,4.0,2.0,2.0,2.0,1.0,2.0,1.0,1.0,2.0,1.0,0.0,0.0,1.0,0.0
1.0,15.0,1.0,4.0,1472.0,1.0,0.0,4.0,0.0,2.0,0.0,0.0,2.0,1.0,1.0,2.0,1.0,0.0,0.0,0.0,0.0
2.0,12.0,2.0,3.0,1409.0,1.0,0.0,3.0,0.0,2.0,2.0,1.0,2.0,1.0,2.0,2.0,1.0,0.0,0.0,1.0,1.0
2.0,0.0,2.0,0.0,1533.0,1.0,0.0,4.0,0.0,3.0,1.0,1.0,2.0,1.0,2.0,2.0,1.0,0.0,0.0,0.0,1.0
2.0,36.0,0.0,9.0,7678.0,2.0,0.0,1.0,2.0,4.0,2.0,1.0,1.0,1.0,1.0,2.0,1.0,0.0,0.0,1.0,1.0
1.0,24.0,1.0,0.0,1837.0,1.0,1.0,3.0,0.0,4.0,2.0,0.0,2.0,0.0,1.0,2.0,1.0,0.0,0.0,0.0,0.0
2.0,18.0,2.0,0.0,3913.0,2.0,0.0,4.0,2.0,1.0,1.0,0.0,2.0,1.0,2.0,2.0,1.0,0.0,0.0,0.0,0.0
0.0,0.0,2.0,0.0,4599.0,0.0,0.0,1.0,1.0,4.0,0.0,1.0,1.0,2.0,1.0,0.0,2.0,1.0,0.0,0.0,1.0
2.0,1.0,2.0,9.0,11641.0,2.0,2.0,1.0,2.0,3.0,2.0,0.0,2.0,2.0,1.0,3.0,1.0,1.0,1.0,1.0,0.0
2.0,12.0,1.0,0.0,719.0,1.0,0.0,4.0,0.0,3.0,1.0,1.0,0.0,1.0,1.0,1.0,1.0,0.0,0.0,1.0,1.0
2.0,15.0,2.0,0.0,2697.0,1.0,0.0,4.0,0.0,2.0,2.0,1.0,2.0,1.0,2.0,2.0,1.0,0.0,0.0,0.0,1.0
1.0,1.0,0.0,0.0,3999.0,0.0,0.0,1.0,0.0,4.0,0.0,0.0,0.0,1.0,1.0,0.0,2.0,0.0,1.0,0.0,0.0
2.0,21.0,2.0,4.0,1240.0,1.0,0.0,3.0,0.0,3.0,2.0,1.0,2.0,1.0,2.0,2.0,1.0,0.0,0.0,1.0,1.0
0.0,0.0,0.0,0.0,1468.0,0.0,0.0,1.0,0.0,1.0,0.0,0.0,0.0,0.0,1.0,0.0,1.0,0.0,0.0,0.0,0.0
2.0,36.0,1.0,7.0,2145.0,1.0,0.0,2.0,0.0,4.0,3.0,1.0,2.0,2.0,1.0,2.0,1.0,1.0,0.0,1.0,1.0
2.0,80.0,0.0,0.0,996.0,0.0,0.0,3.0,2.0,4.0,2.0,1.0,1.0,1.0,4.0,2.0,2.0,1.0,1.0,1.0,1.0
2.0,36.0,1.0,4.0,4591.0,1.0,1.0,2.0,0.0,3.0,3.0,1.0,2.0,2.0,1.0,2.0,2.0,1.0,0.0,1.0,1.0
1.0,24.0,1.0,4.0,2812.0,1.0,1.0,4.0,0.0,4.0,2.0,1.0,2.0,1.0,1.0,2.0,1.0,1.0,0.0,1.0,0.0
1.0,0.0,2.0,9.0,12637.0,1.0,2.0,2.0,2.0,2.0,1.0,1.0,2.0,0.0,2.0,3.0,1.0,1.0,1.0,1.0,1.0
1.0,18.0,1.0,4.0,1410.0,2.0,0.0,4.0,0.0,2.0,0.0,0.0,2.0,1.0,1.0,2.0,1.0,1.0,0.0,1.0,0.0
1.0,15.0,1.0,9.0,8358.0,0.0,0.0,2.0,0.0,2.0,0.0,1.0,2.0,1.0,1.0,2.0,1.0,0.0,0.0,1.0,1.0
0.0,9.0,1.0,4.0,654.0,1.0,1.0,2.0,0.0,4.0,0.0,0.0,2.0,1.0,1.0,2.0,1.0,0.0,0.0,0.0,0.0
0.0,80.0,2.0,0.0,12183.0,0.0,2.0,4.0,0.0,4.0,0.0,1.0,2.0,1.0,1.0,3.0,1.0,1.0,0.0,1.0,1.0
1.0,24.0,1.0,9.0,3832.0,1.0,0.0,4.0,0.0,1.0,1.0,1.0,2.0,1.0,1.0,1.0,1.0,0.0,0.0,1.0,1.0
1.0,15.0,1.0,0.0,1512.0,1.0,0.0,2.0,0.0,3.0,2.0,1.0,2.0,1.0,1.0,2.0,1.0,1.0,0.0,0.0,1.0
1.0,1.0,1.0,9.0,18900.0,1.0,2.0,1.0,2.0,3.0,0.0,1.0,2.0,1.0,1.0,2.0,1.0,0.0,0.0,1.0,1.0
1.0,12.0,1.0,4.0,727.0,1.0,0.0,4.0,0.0,3.0,0.0,1.0,2.0,1.0,1.0,2.0,1.0,1.0,0.0,0.0,1.0
2.0,10.0,1.0,4.0,1364.0,1.0,1.0,4.0,0.0,4.0,0.0,1.0,2.0,1.0,1.0,2.0,1.0,0.0,0.0,1.0,1.0
1.0,36.0,1.0,1.0,1478.0,1.0,0.0,4.0,0.0,4.0,3.0,1.0,2.0,2.0,1.0,2.0,1.0,1.0,0.0,1.0,0.0
1.0,24.0,1.0,3.0,2384.0,1.0,0.0,4.0,0.0,2.0,1.0,1.0,2.0,1.0,2.0,3.0,1.0,1.0,0.0,1.0,0.0
2.0,80.0,1.0,1.0,14782.0,2.0,1.0,3.0,0.0,2.0,2.0,1.0,2.0,1.0,1.0,2.0,1.0,1.0,0.0,1.0,1.0
1.0,0.0,0.0,0.0,17700.0,0.0,0.0,2.0,0.0,1.0,0.0,1.0,1.0,0.0,2.0,1.0,1.0,0.0,0.0,1.0,1.0
2.0,12.0,1.0,4.0,1473.0,1.0,0.0,4.0,0.0,3.0,1.0,1.0,2.0,1.0,1.0,2.0,1.0,0.0,0.0,1.0,1.0
2.0,9.0,2.0,0.0,1345.0,1.0,1.0,2.0,2.0,2.0,0.0,1.0,2.0,1.0,2.0,2.0,1.0,1.0,0.0,0.0,1.0
0.0,1.0,0.0,0.0,17700.0,2.0,0.0,1.0,0.0,1.0,0.0,0.0,0.0,1.0,1.0,0.0,1.0,0.0,0.0,0.0,0.0
1.0,12.0,1.0,0.0,931.0,1.0,0.0,4.0,0.0,4.0,2.0,1.0,2.0,1.0,1.0,2.0,1.0,1.0,0.0,0.0,1.0
2.0,18.0,1.0,1.0,4199.0,0.0,1.0,1.0,0.0,4.0,0.0,1.0,2.0,1.0,1.0,2.0,1.0,0.0,0.0,1.0,1.0
2.0,24.0,0.0,0.0,7865.0,1.0,1.0,4.0,0.0,4.0,3.0,1.0,2.0,2.0,2.0,2.0,1.0,1.0,0.0,1.0,0.0
0.0,0.0,0.0,0.0,3300.0,0.0,0.0,1.0,0.0,1.0,0.0,1.0,0.0,0.0,1.0,0.0,1.0,0.0,0.0,0.0,1.0
1.0,36.0,1.0,4.0,8588.0,1.0,0.0,2.0,0.0,3.0,1.0,1.0,2.0,0.0,4.0,3.0,1.0,1.0,0.0,1.0,1.0
1.0,12.0,0.0,0.0,6800.0,1.0,0.0,3.0,0.0,4.0,0.0,1.0,2.0,1.0,1.0,2.0,1.0,1.0,0.0,1.0,1.0
1.0,12.0,1.0,4.0,1498.0,1.0,0.0,2.0,0.0,4.0,0.0,0.0,0.0,1.0,1.0,1.0,1.0,0.0,0.0,1.0,1.0
1.0,2.0,0.0,0.0,9754.0,0.0,0.0,1.0,0.0,1.0,0.0,0.0,0.0,0.0,1.0,0.0,1.0,0.0,0.0,0.0,0.0
1.0,48.0,0.0,9.0,8800.0,1.0,0.0,4.0,0.0,1.0,0.0,1.0,1.0,1.0,2.0,2.0,1.0,0.0,0.0,0.0,0.0
2.0,6.0,0.0,0.0,609.0,0.0,0.0,2.0,0.0,4.0,2.0,1.0,2.0,1.0,1.0,0.0,1.0,1.0,0.0,1.0,1.0
1.0,12.0,1.0,0.0,2684.0,1.0,1.0,4.0,0.0,2.0,3.0,1.0,2.0,2.0,1.0,2.0,1.0,0.0,0.0,1.0,1.0
2.0,24.0,2.0,4.0,2864.0,1.0,1.0,4.0,0.0,4.0,2.0,1.0,2.0,1.0,2.0,2.0,1.0,0.0,0.0,1.0,1.0
0.0,3.0,0.0,0.0,8010.0,0.0,0.0,3.0,2.0,4.0,0.0,0.0,0.0,2.0,4.0,0.0,1.0,0.0,0.0,0.0,0.0
1.0,12.0,1.0,4.0,1444.0,1.0,0.0,4.0,0.0,1.0,1.0,1.0,2.0,1.0,1.0,2.0,1.0,1.0,0.0,1.0,1.0
1.0,36.0,1.0,0.0,2728.0,1.0,0.0,1.0,0.0,3.0,2.0,1.0,2.0,1.0,1.0,1.0,1.0,0.0,0.0,0.0,1.0
0.0,5.0,1.0,9.0,4811.0,0.0,0.0,1.0,1.0,1.0,2.0,1.0,0.0,1.0,1.0,0.0,2.0,0.0,0.0,0.0,1.0
2.0,60.0,0.0,1.0,8653.0,1.0,1.0,4.0,0.0,4.0,1.0,1.0,0.0,1.0,2.0,2.0,1.0,1.0,0.0,1.0,1.0
0.0,12.0,2.0,0.0,1199.0,0.0,0.0,4.0,1.0,4.0,2.0,1.0,0.0,0.0,4.0,0.0,2.0,0.0,1.0,0.0,1.0
1.0,21.0,1.0,4.0,1221.0,1.0,0.0,4.0,0.0,2.0,2.0,0.0,2.0,1.0,1.0,2.0,1.0,0.0,0.0,1.0,1.0
2.0,0.0,2.0,7.0,18100.0,2.0,2.0,1.0,2.0,1.0,0.0,0.0,2.0,2.0,4.0,3.0,2.0,1.0,0.0,1.0,0.0
2.0,15.0,0.0,3.0,1533.0,1.0,0.0,1.0,0.0,1.0,0.0,1.0,2.0,1.0,1.0,2.0,1.0,0.0,0.0,1.0,1.0
0.0,48.0,2.0,7.0,5399.0,0.0,2.0,1.0,2.0,4.0,2.0,0.0,1.0,2.0,1.0,0.0,2.0,1.0,1.0,1.0,0.0
1.0,6.0,1.0,0.0,12071.0,1.0,0.0,2.0,0.0,4.0,0.0,1.0,2.0,1.0,1.0,1.0,1.0,0.0,0.0,1.0,1.0
1.0,15.0,1.0,3.0,1412.0,1.0,0.0,2.0,0.0,2.0,2.0,1.0,2.0,1.0,1.0,2.0,1.0,0.0,0.0,1.0,1.0
1.0,11.0,2.0,0.0,1374.0,1.0,0.0,2.0,0.0,4.0,0.0,1.0,2.0,1.0,2.0,1.0,1.0,1.0,0.0,1.0,1.0
2.0,12.0,1.0,5.0,1169.0,1.0,0.0,4.0,0.0,1.0,2.0,1.0,2.0,1.0,1.0,1.0,1.0,0.0,0.0,1.0,1.0
1.0,12.0,1.0,0.0,1535.0,1.0,1.0,4.0,0.0,1.0,1.0,1.0,2.0,1.0,1.0,2.0,2.0,0.0,0.0,1.0,1.0
2.0,18.0,2.0,1.0,1860.0,2.0,1.0,3.0,0.0,4.0,0.0,1.0,2.0,1.0,2.0,3.0,2.0,1.0,0.0,1.0,1.0
1.0,30.0,1.0,3.0,3590.0,1.0,1.0,4.0,0.0,4.0,3.0,1.0,2.0,1.0,1.0,3.0,1.0,1.0,0.0,1.0,1.0
2.0,79.0,2.0,9.0,12500.0,2.0,2.0,1.0,2.0,3.0,0.0,0.0,0.0,2.0,4.0,0.0,1.0,1.0,1.0,1.0,0.0
2.0,9.0,1.0,9.0,1275.0,0.0,1.0,4.0,0.0,3.0,0.0,1.0,2.0,1.0,1.0,2.0,1.0,0.0,0.0,0.0,1.0
1.0,24.0,1.0,4.0,2631.0,1.0,1.0,2.0,0.0,4.0,1.0,1.0,2.0,1.0,2.0,2.0,1.0,0.0,0.0,0.0,1.0
1.0,24.0,2.0,9.0,2324.0,1.0,0.0,4.0,0.0,4.0,1.0,1.0,2.0,1.0,2.0,2.0,1.0,0.0,0.0,1.0,1.0
1.0,36.0,0.0,4.0,2235.0,1.0,1.0,2.0,0.0,2.0,2.0,1.0,2.0,1.0,1.0,2.0,1.0,1.0,0.0,1.0,1.0
1.0,24.0,1.0,4.0,4771.0,1.0,0.0,4.0,0.0,2.0,2.0,1.0,2.0,1.0,1.0,2.0,1.0,0.0,0.0,1.0,1.0
1.0,36.0,2.0,9.0,9857.0,1.0,1.0,4.0,0.0,2.0,2.0,1.0,2.0,1.0,2.0,2.0,1.0,1.0,0.0,1.0,1.0
2.0,48.0,1.0,4.0,3621.0,1.0,1.0,4.0,0.0,4.0,3.0,1.0,2.0,0.0,1.0,2.0,1.0,1.0,0.0,1.0,1.0
0.0,6.0,0.0,1.0,1345.0,1.0,2.0,1.0,0.0,4.0,0.0,1.0,2.0,1.0,1.0,2.0,1.0,1.0,0.0,1.0,0.0
1.0,18.0,1.0,3.0,3357.0,1.0,0.0,1.0,0.0,4.0,2.0,1.0,2.0,0.0,2.0,2.0,1.0,0.0,0.0,0.0,1.0
0.0,0.0,2.0,9.0,11834.0,2.0,2.0,1.0,2.0,4.0,2.0,1.0,1.0,2.0,4.0,2.0,2.0,0.0,1.0,0.0,1.0
2.0,36.0,1.0,3.0,4454.0,0.0,0.0,4.0,0.0,4.0,3.0,1.0,2.0,1.0,1.0,2.0,1.0,0.0,0.0,1.0,1.0
1.0,6.0,1.0,0.0,759.0,1.0,0.0,2.0,0.0,2.0,0.0,0.0,2.0,1.0,1.0,1.0,1.0,1.0,0.0,1.0,0.0
2.0,15.0,1.0,4.0,1231.0,1.0,1.0,4.0,0.0,3.0,1.0,1.0,2.0,1.0,1.0,2.0,1.0,0.0,0.0,1.0,1.0
1.0,45.0,1.0,3.0,4455.0,1.0,1.0,2.0,0.0,4.0,0.0,1.0,2.0,1.0,1.0,2.0,2.0,0.0,0.0,1.0,0.0
2.0,48.0,2.0,9.0,6681.0,1.0,1.0,1.0,0.0,4.0,2.0,1.0,2.0,1.0,2.0,3.0,1.0,1.0,0.0,1.0,1.0
2.0,15.0,1.0,2.0,2631.0,2.0,1.0,3.0,0.0,2.0,0.0,1.0,2.0,1.0,1.0,2.0,1.0,0.0,0.0,1.0,1.0
1.0,12.0,1.0,4.0,6308.0,1.0,0.0,1.0,0.0,4.0,2.0,1.0,2.0,1.0,1.0,3.0,1.0,1.0,0.0,1.0,1.0
2.0,24.0,1.0,3.0,4583.0,1.0,1.0,2.0,0.0,4.0,0.0,1.0,2.0,1.0,1.0,3.0,1.0,1.0,0.0,1.0,1.0
1.0,12.0,1.0,0.0,790.0,1.0,0.0,4.0,0.0,4.0,2.0,1.0,2.0,1.0,1.0,2.0,1.0,0.0,0.0,1.0,0.0
1.0,12.0,1.0,3.0,1412.0,1.0,0.0,4.0,0.0,4.0,3.0,1.0,2.0,1.0,1.0,3.0,1.0,1.0,0.0,1.0,1.0
1.0,10.0,2.0,0.0,1330.0,1.0,0.0,2.0,0.0,2.0,1.0,0.0,2.0,0.0,2.0,2.0,1.0,0.0,1.0,0.0,0.0
1.0,12.0,1.0,4.0,1393.0,1.0,0.0,4.0,0.0,2.0,0.0,1.0,2.0,1.0,1.0,1.0,1.0,0.0,0.0,1.0,1.0
1.0,30.0,1.0,4.0,5381.0,1.0,0.0,4.0,0.0,4.0,2.0,1.0,2.0,1.0,2.0,2.0,1.0,1.0,0.0,1.0,0.0
2.0,30.0,1.0,1.0,7308.0,1.0,1.0,3.0,0.0,2.0,1.0,1.0,2.0,1.0,1.0,2.0,1.0,0.0,0.0,1.0,1.0
2.0,1.0,2.0,7.0,12183.0,1.0,2.0,2.0,0.0,2.0,0.0,0.0,2.0,2.0,1.0,0.0,1.0,1.0,1.0,1.0,0.0
1.0,0.0,2.0,4.0,1393.0,1.0,0.0,4.0,2.0,1.0,0.0,1.0,2.0,0.0,4.0,2.0,1.0,1.0,1.0,0.0,0.0
2.0,18.0,1.0,0.0,1055.0,1.0,1.0,4.0,0.0,1.0,2.0,1.0,2.0,1.0,1.0,2.0,1.0,0.0,0.0,1.0,1.0
1.0,12.0,1.0,0.0,2579.0,1.0,1.0,2.0,0.0,2.0,2.0,1.0,1.0,1.0,2.0,2.0,1.0,0.0,0.0,1.0,1.0
2.0,3.0,2.0,9.0,15520.0,2.0,2.0,1.0,2.0,2.0,0.0,1.0,2.0,2.0,4.0,3.0,2.0,0.0,1.0,1.0,1.0
1.0,36.0,2.0,4.0,11039.0,1.0,1.0,4.0,0.0,1.0,2.0,1.0,2.0,1.0,2.0,2.0,1.0,1.0,0.0,1.0,1.0
1.0,12.0,1.0,4.0,707.0,1.0,0.0,2.0,0.0,4.0,2.0,1.0,2.0,1.0,1.0,2.0,2.0,0.0,0.0,1.0,0.0
0.0,3.0,0.0,5.0,8299.0,2.0,0.0,2.0,1.0,3.0,0.0,1.0,0.0,0.0,4.0,0.0,2.0,0.0,1.0,0.0,1.0
2.0,10.0,1.0,0.0,3617.0,2.0,0.0,4.0,0.0,2.0,2.0,1.0,2.0,1.0,1.0,1.0,1.0,0.0,0.0,0.0,1.0
1.0,18.0,1.0,1.0,2210.0,1.0,0.0,2.0,0.0,2.0,0.0,1.0,2.0,1.0,1.0,2.0,1.0,0.0,0.0,1.0,1.0
1.0,48.0,1.0,7.0,6143.0,1.0,0.0,2.0,0.0,4.0,2.0,0.0,2.0,0.0,1.0,2.0,1.0,1.0,0.0,0.0,0.0
1.0,24.0,1.0,0.0,2375.0,1.0,0.0,4.0,1.0,4.0,0.0,1.0,1.0,1.0,1.0,2.0,1.0,1.0,0.0,0.0,0.0
1.0,24.0,1.0,4.0,4169.0,1.0,0.0,4.0,0.0,3.0,1.0,1.0,2.0,0.0,1.0,2.0,1.0,1.0,0.0,1.0,0.0
1.0,31.0,2.0,0.0,5886.0,1.0,1.0,1.0,0.0,1.0,2.0,1.0,2.0,1.0,2.0,1.0,1.0,0.0,0.0,0.0,1.0
2.0,24.0,1.0,3.0,1364.0,1.0,0.0,2.0,0.0,4.0,1.0,1.0,2.0,1.0,1.0,2.0,1.0,1.0,0.0,0.0,1.0
1.0,10.0,1.0,3.0,2028.0,2.0,1.0,4.0,0.0,4.0,0.0,1.0,2.0,1.0,1.0,2.0,1.0,0.0,0.0,1.0,0.0
2.0,11.0,2.0,9.0,111.0,0.0,1.0,1.0,2.0,4.0,0.0,0.0,2.0,2.0,4.0,3.0,1.0,0.0,0.0,0.0,0.0
1.0,12.0,1.0,0.0,2323.0,1.0,0.0,4.0,0.0,1.0,1.0,1.0,2.0,1.0,1.0,2.0,1.0,0.0,0.0,1.0,0.0
1.0,24.0,1.0,9.0,7308.0,1.0,1.0,2.0,0.0,3.0,1.0,1.0,2.0,1.0,1.0,3.0,1.0,1.0,0.0,1.0,1.0
1.0,24.0,1.0,4.0,2390.0,1.0,1.0,4.0,0.0,2.0,1.0,0.0,2.0,1.0,1.0,2.0,1.0,1.0,0.0,1.0,1.0
1.0,12.0,1.0,4.0,1386.0,1.0,1.0,3.0,0.0,2.0,1.0,1.0,2.0,1.0,1.0,1.0,1.0,0.0,0.0,1.0,0.0
0.0,0.0,0.0,0.0,1468.0,0.0,0.0,1.0,0.0,1.0,0.0,0.0,0.0,0.0,1.0,0.0,2.0,0.0,0.0,0.0,0.0
2.0,0.0,2.0,5.0,17385.0,2.0,2.0,1.0,2.0,1.0,0.0,1.0,2.0,2.0,4.0,0.0,1.0,1.0,1.0,0.0,1.0
2.0,6.0,1.0,4.0,672.0,1.0,0.0,4.0,0.0,3.0,0.0,1.0,2.0,1.0,1.0,2.0,1.0,0.0,0.0,1.0,1.0
1.0,12.0,1.0,0.0,1258.0,1.0,0.0,4.0,0.0,4.0,2.0,0.0,2.0,1.0,2.0,2.0,1.0,0.0,0.0,1.0,1.0
0.0,1.0,0.0,0.0,17700.0,0.0,0.0,1.0,0.0,2.0,0.0,0.0,0.0,0.0,1.0,0.0,2.0,0.0,0.0,0.0,0.0
1.0,10.0,1.0,0.0,1364.0,1.0,0.0,3.0,0.0,1.0,0.0,0.0,2.0,0.0,1.0,1.0,1.0,0.0,0.0,0.0,1.0
1.0,12.0,1.0,3.0,2121.0,1.0,0.0,2.0,0.0,2.0,0.0,1.0,2.0,1.0,1.0,2.0,1.0,0.0,0.0,1.0,1.0
2.0,12.0,1.0,0.0,1264.0,0.0,0.0,3.0,0.0,1.0,2.0,1.0,2.0,1.0,1.0,2.0,1.0,0.0,0.0,0.0,1.0
0.0,0.0,0.0,0.0,7466.0,0.0,0.0,1.0,2.0,1.0,1.0,1.0,0.0,1.0,4.0,3.0,1.0,1.0,0.0,1.0,1.0
2.0,12.0,2.0,1.0,1264.0,1.0,0.0,2.0,0.0,2.0,0.0,1.0,2.0,1.0,1.0,2.0,1.0,1.0,0.0,0.0,1.0
1.0,12.0,1.0,0.0,2327.0,0.0,2.0,4.0,0.0,4.0,2.0,1.0,0.0,1.0,1.0,0.0,1.0,0.0,0.0,0.0,1.0
1.0,15.0,1.0,3.0,1478.0,1.0,0.0,4.0,0.0,2.0,2.0,1.0,2.0,1.0,1.0,1.0,1.0,0.0,0.0,1.0,0.0
2.0,0.0,2.0,9.0,17956.0,1.0,2.0,1.0,1.0,2.0,0.0,1.0,2.0,1.0,2.0,0.0,1.0,1.0,1.0,1.0,1.0
1.0,24.0,2.0,0.0,2670.0,1.0,0.0,4.0,0.0,4.0,2.0,0.0,2.0,0.0,2.0,3.0,1.0,1.0,0.0,1.0,0.0
2.0,48.0,1.0,9.0,5954.0,1.0,0.0,1.0,0.0,1.0,1.0,1.0,2.0,1.0,1.0,1.0,1.0,0.0,0.0,1.0,1.0
2.0,9.0,2.0,0.0,918.0,1.0,0.0,2.0,0.0,4.0,1.0,0.0,1.0,1.0,2.0,2.0,2.0,0.0,0.0,0.0,0.0
2.0,24.0,2.0,4.0,2302.0,1.0,0.0,4.0,0.0,4.0,3.0,1.0,2.0,2.0,2.0,2.0,1.0,0.0,0.0,1.0,1.0
1.0,0.0,2.0,0.0,14600.0,1.0,0.0,1.0,0.0,1.0,0.0,0.0,2.0,0.0,2.0,0.0,1.0,0.0,0.0,0.0,0.0
1.0,6.0,1.0,4.0,4623.0,1.0,0.0,1.0,1.0,1.0,0.0,0.0,2.0,0.0,1.0,2.0,1.0,0.0,0.0,1.0,1.0
0.0,24.0,2.0,3.0,2288.0,2.0,0.0,4.0,0.0,4.0,3.0,1.0,2.0,0.0,2.0,2.0,1.0,0.0,0.0,0.0,1.0
1.0,12.0,1.0,4.0,976.0,1.0,0.0,4.0,0.0,4.0,0.0,0.0,2.0,1.0,1.0,1.0,1.0,0.0,0.0,0.0,1.0
0.0,1.0,0.0,0.0,3609.0,0.0,0.0,3.0,0.0,1.0,1.0,0.0,1.0,0.0,1.0,0.0,2.0,1.0,0.0,0.0,0.0
0.0,0.0,2.0,9.0,7800.0,0.0,2.0,3.0,2.0,1.0,0.0,0.0,2.0,2.0,3.0,3.0,1.0,1.0,1.0,0.0,0.0
2.0,9.0,2.0,9.0,1345.0,1.0,0.0,2.0,0.0,3.0,0.0,1.0,2.0,1.0,1.0,2.0,1.0,1.0,0.0,1.0,1.0
1.0,72.0,1.0,6.0,15308.0,1.0,1.0,2.0,0.0,2.0,3.0,1.0,2.0,1.0,1.0,2.0,1.0,1.0,0.0,1.0,1.0
2.0,12.0,2.0,0.0,571.0,1.0,0.0,2.0,0.0,4.0,0.0,1.0,2.0,0.0,2.0,2.0,1.0,1.0,0.0,0.0,1.0
0.0,36.0,2.0,4.0,3031.0,2.0,1.0,4.0,1.0,4.0,1.0,0.0,2.0,1.0,2.0,2.0,1.0,1.0,0.0,1.0,0.0
2.0,18.0,1.0,0.0,2675.0,2.0,0.0,4.0,0.0,2.0,2.0,1.0,2.0,1.0,1.0,2.0,1.0,1.0,0.0,1.0,1.0
1.0,12.0,2.0,3.0,1262.0,1.0,0.0,4.0,0.0,4.0,1.0,1.0,0.0,1.0,2.0,2.0,1.0,0.0,0.0,0.0,1.0
2.0,13.0,1.0,0.0,1468.0,0.0,0.0,1.0,0.0,1.0,2.0,0.0,0.0,1.0,1.0,0.0,1.0,0.0,0.0,0.0,0.0
1.0,12.0,2.0,0.0,976.0,1.0,1.0,4.0,0.0,2.0,1.0,1.0,2.0,1.0,2.0,2.0,1.0,0.0,0.0,1.0,1.0
2.0,24.0,2.0,4.0,15308.0,1.0,1.0,4.0,0.0,2.0,0.0,1.0,2.0,1.0,2.0,1.0,1.0,0.0,0.0,1.0,1.0
2.0,18.0,1.0,4.0,2762.0,1.0,0.0,4.0,0.0,2.0,2.0,1.0,0.0,1.0,1.0,2.0,1.0,0.0,0.0,1.0,1.0
2.0,30.0,1.0,7.0,3308.0,2.0,0.0,4.0,0.0,4.0,2.0,1.0,0.0,1.0,1.0,2.0,1.0,1.0,0.0,1.0,1.0
0.0,2.0,1.0,0.0,4599.0,1.0,0.0,1.0,0.0,3.0,2.0,0.0,0.0,0.0,1.0,0.0,2.0,0.0,0.0,1.0,0.0
1.0,12.0,1.0,1.0,959.0,1.0,0.0,4.0,0.0,2.0,3.0,1.0,2.0,2.0,1.0,2.0,1.0,0.0,0.0,1.0,0.0
1.0,18.0,1.0,0.0,3124.0,1.0,0.0,2.0,0.0,2.0,2.0,1.0,2.0,1.0,2.0,3.0,1.0,1.0,0.0,1.0,0.0
1.0,15.0,1.0,0.0,3643.0,0.0,0.0,4.0,0.0,4.0,0.0,1.0,2.0,1.0,1.0,1.0,2.0,1.0,0.0,1.0,0.0
2.0,12.0,1.0,1.0,1262.0,1.0,0.0,2.0,0.0,2.0,0.0,1.0,2.0,1.0,1.0,2.0,1.0,0.0,0.0,1.0,1.0
1.0,6.0,1.0,0.0,1374.0,1.0,0.0,1.0,0.0,1.0,0.0,1.0,2.0,1.0,1.0,1.0,1.0,0.0,0.0,1.0,0.0
2.0,30.0,1.0,1.0,7476.0,1.0,2.0,4.0,0.0,4.0,3.0,1.0,0.0,2.0,2.0,3.0,1.0,1.0,0.0,0.0,1.0
1.0,24.0,1.0,4.0,2679.0,1.0,1.0,4.0,0.0,4.0,2.0,1.0,2.0,1.0,1.0,2.0,1.0,0.0,0.0,1.0,1.0
0.0,24.0,1.0,0.0,10800.0,0.0,0.0,1.0,0.0,4.0,1.0,0.0,0.0,0.0,4.0,0.0,2.0,0.0,0.0,0.0,0.0
0.0,16.0,0.0,0.0,10791.0,0.0,2.0,2.0,1.0,4.0,0.0,1.0,0.0,2.0,4.0,0.0,2.0,1.0,1.0,0.0,1.0
0.0,8.0,2.0,4.0,13099.0,0.0,1.0,1.0,1.0,4.0,2.0,0.0,2.0,2.0,4.0,3.0,1.0,1.0,1.0,1.0,0.0
1.0,0.0,0.0,0.0,4993.0,0.0,0.0,1.0,0.0,2.0,2.0,0.0,0.0,1.0,1.0,0.0,1.0,1.0,0.0,0.0,0.0
0.0,3.0,2.0,7.0,8400.0,2.0,2.0,1.0,2.0,4.0,0.0,0.0,0.0,2.0,4.0,0.0,1.0,1.0,1.0,1.0,0.0
2.0,36.0,1.0,9.0,2145.0,1.0,1.0,4.0,0.0,2.0,2.0,1.0,2.0,1.0,1.0,2.0,1.0,0.0,0.0,1.0,1.0
2.0,36.0,1.0,0.0,6458.0,2.0,0.0,4.0,0.0,2.0,1.0,1.0,2.0,1.0,1.0,2.0,1.0,1.0,0.0,1.0,1.0
1.0,24.0,1.0,3.0,3512.0,1.0,1.0,2.0,0.0,4.0,1.0,1.0,2.0,1.0,1.0,1.0,2.0,0.0,0.0,1.0,1.0
1.0,1.0,2.0,4.0,4731.0,0.0,2.0,2.0,0.0,4.0,2.0,1.0,2.0,1.0,2.0,1.0,2.0,0.0,0.0,1.0,1.0
1.0,12.0,1.0,3.0,909.0,1.0,0.0,4.0,0.0,1.0,0.0,1.0,2.0,1.0,1.0,2.0,1.0,0.0,0.0,1.0,1.0
1.0,21.0,1.0,3.0,4221.0,1.0,0.0,2.0,0.0,1.0,0.0,0.0,2.0,1.0,1.0,2.0,1.0,1.0,0.0,0.0,0.0
2.0,3.0,2.0,9.0,8800.0,0.0,2.0,3.0,2.0,1.0,0.0,0.0,2.0,2.0,4.0,3.0,2.0,0.0,1.0,1.0,0.0
2.0,30.0,2.0,3.0,7678.0,1.0,1.0,4.0,0.0,2.0,1.0,1.0,2.0,1.0,1.0,2.0,1.0,1.0,0.0,1.0,1.0
1.0,12.0,1.0,4.0,2080.0,1.0,0.0,1.0,0.0,1.0,1.0,0.0,2.0,1.0,2.0,1.0,1.0,0.0,0.0,0.0,0.0
2.0,18.0,1.0,3.0,1924.0,1.0,1.0,4.0,0.0,1.0,2.0,1.0,2.0,1.0,2.0,2.0,1.0,0.0,0.0,1.0,0.0
0.0,7.0,0.0,0.0,6199.0,2.0,1.0,1.0,2.0,4.0,2.0,0.0,0.0,1.0,1.0,0.0,1.0,1.0,0.0,1.0,0.0
0.0,37.0,2.0,0.0,5399.0,1.0,2.0,3.0,0.0,4.0,2.0,1.0,2.0,1.0,1.0,0.0,2.0,1.0,0.0,1.0,1.0
1.0,24.0,1.0,4.0,1388.0,2.0,1.0,4.0,0.0,4.0,2.0,1.0,2.0,1.0,1.0,2.0,1.0,1.0,0.0,1.0,0.0
2.0,0.0,2.0,9.0,17500.0,2.0,2.0,1.0,2.0,2.0,0.0,1.0,2.0,2.0,4.0,3.0,1.0,1.0,1.0,1.0,1.0
2.0,48.0,1.0,4.0,1297.0,1.0,0.0,4.0,0.0,2.0,1.0,1.0,2.0,0.0,1.0,2.0,1.0,0.0,0.0,1.0,1.0
0.0,10.0,1.0,0.0,2386.0,1.0,0.0,2.0,1.0,1.0,2.0,0.0,0.0,0.0,1.0,1.0,1.0,0.0,0.0,0.0,1.0
1.0,12.0,1.0,3.0,2080.0,1.0,0.0,4.0,0.0,3.0,2.0,1.0,0.0,0.0,1.0,2.0,1.0,0.0,0.0,1.0,1.0
1.0,24.0,1.0,3.0,1414.0,1.0,0.0,4.0,0.0,1.0,2.0,1.0,2.0,0.0,1.0,2.0,1.0,0.0,0.0,0.0,1.0
2.0,24.0,1.0,4.0,1699.0,2.0,0.0,4.0,0.0,3.0,2.0,1.0,2.0,1.0,2.0,2.0,1.0,1.0,0.0,1.0,1.0
2.0,12.0,2.0,3.0,1255.0,1.0,1.0,4.0,0.0,4.0,1.0,1.0,2.0,1.0,2.0,1.0,1.0,0.0,0.0,1.0,1.0
2.0,0.0,2.0,9.0,8534.0,0.0,2.0,1.0,2.0,4.0,0.0,1.0,0.0,0.0,4.0,0.0,1.0,0.0,1.0,0.0,1.0
1.0,12.0,1.0,4.0,2149.0,1.0,0.0,4.0,0.0,1.0,1.0,1.0,2.0,1.0,1.0,2.0,1.0,0.0,0.0,1.0,1.0
1.0,24.0,1.0,4.0,2670.0,1.0,1.0,4.0,0.0,4.0,2.0,1.0,2.0,1.0,1.0,2.0,1.0,1.0,0.0,1.0,1.0
2.0,30.0,2.0,1.0,3077.0,1.0,0.0,4.0,0.0,4.0,1.0,1.0,2.0,1.0,2.0,1.0,1.0,1.0,0.0,1.0,1.0
2.0,24.0,1.0,1.0,7758.0,2.0,0.0,3.0,0.0,2.0,1.0,1.0,2.0,1.0,1.0,2.0,2.0,1.0,0.0,1.0,1.0
1.0,5.0,2.0,4.0,111.0,1.0,2.0,1.0,2.0,1.0,0.0,0.0,2.0,2.0,4.0,3.0,1.0,1.0,1.0,1.0,0.0
1.0,12.0,1.0,3.0,629.0,1.0,0.0,4.0,0.0,2.0,2.0,1.0,2.0,1.0,1.0,2.0,1.0,0.0,0.0,1.0,1.0
2.0,12.0,1.0,9.0,1262.0,1.0,0.0,2.0,0.0,4.0,0.0,0.0,2.0,1.0,1.0,1.0,1.0,0.0,0.0,1.0,1.0
2.0,12.0,2.0,0.0,1597.0,1.0,1.0,4.0,0.0,2.0,3.0,1.0,2.0,2.0,2.0,2.0,1.0,1.0,0.0,0.0,1.0
2.0,24.0,0.0,0.0,3949.0,2.0,2.0,1.0,0.0,4.0,2.0,1.0,2.0,0.0,2.0,3.0,1.0,1.0,0.0,1.0,0.0
2.0,18.0,1.0,6.0,1228.0,2.0,0.0,3.0,0.0,4.0,2.0,1.0,2.0,1.0,1.0,2.0,1.0,0.0,0.0,1.0,1.0
2.0,12.0,2.0,0.0,1574.0,1.0,1.0,3.0,0.0,1.0,0.0,1.0,2.0,1.0,1.0,2.0,1.0,0.0,0.0,1.0,1.0
0.0,0.0,0.0,0.0,13000.0,0.0,0.0,1.0,0.0,1.0,0.0,0.0,1.0,0.0,1.0,1.0,1.0,0.0,0.0,0.0,1.0
1.0,12.0,1.0,0.0,691.0,1.0,1.0,4.0,0.0,4.0,2.0,1.0,2.0,1.0,1.0,2.0,1.0,0.0,0.0,1.0,1.0
2.0,15.0,1.0,0.0,1537.0,2.0,1.0,2.0,0.0,3.0,2.0,1.0,2.0,1.0,1.0,2.0,1.0,0.0,0.0,1.0,1.0
1.0,7.0,0.0,0.0,7500.0,1.0,0.0,2.0,0.0,3.0,0.0,0.0,0.0,1.0,1.0,0.0,2.0,1.0,0.0,0.0,0.0
1.0,24.0,1.0,0.0,1047.0,1.0,0.0,1.0,0.0,4.0,0.0,0.0,2.0,1.0,1.0,1.0,1.0,0.0,0.0,0.0,1.0
1.0,1.0,0.0,6.0,4388.0,0.0,2.0,1.0,2.0,2.0,1.0,0.0,0.0,0.0,4.0,0.0,1.0,1.0,1.0,0.0,0.0
1.0,12.0,1.0,0.0,1495.0,1.0,1.0,4.0,0.0,2.0,2.0,1.0,2.0,1.0,1.0,2.0,1.0,0.0,0.0,1.0,1.0
1.0,30.0,0.0,0.0,12204.0,1.0,1.0,2.0,0.0,3.0,2.0,1.0,2.0,1.0,2.0,2.0,1.0,0.0,0.0,1.0,1.0
2.0,42.0,2.0,3.0,9299.0,0.0,1.0,2.0,0.0,2.0,2.0,0.0,2.0,1.0,1.0,2.0,1.0,0.0,0.0,1.0,0.0
0.0,1.0,1.0,0.0,12500.0,0.0,0.0,1.0,2.0,1.0,1.0,1.0,0.0,0.0,3.0,0.0,1.0,0.0,0.0,0.0,1.0
2.0,18.0,2.0,0.0,926.0,1.0,1.0,4.0,0.0,2.0,0.0,1.0,2.0,1.0,2.0,2.0,1.0,0.0,0.0,1.0,1.0
2.0,0.0,2.0,9.0,17500.0,0.0,1.0,4.0,0.0,2.0,0.0,0.0,2.0,0.0,1.0,0.0,1.0,1.0,1.0,0.0,0.0
1.0,18.0,1.0,3.0,1835.0,0.0,0.0,3.0,0.0,1.0,2.0,1.0,2.0,0.0,2.0,2.0,1.0,0.0,0.0,0.0,0.0
2.0,24.0,0.0,0.0,2329.0,1.0,0.0,4.0,0.0,4.0,3.0,1.0,1.0,2.0,2.0,1.0,1.0,0.0,0.0,1.0,1.0
1.0,0.0,2.0,9.0,19299.0,2.0,2.0,1.0,2.0,4.0,0.0,1.0,2.0,2.0,2.0,0.0,2.0,1.0,1.0,1.0,1.0
0.0,6.0,1.0,9.0,1352.0,2.0,2.0,1.0,0.0,4.0,0.0,1.0,2.0,1.0,1.0,3.0,1.0,1.0,1.0,1.0,1.0
2.0,48.0,1.0,9.0,10250.0,2.0,0.0,2.0,0.0,1.0,0.0,1.0,0.0,1.0,1.0,2.0,1.0,1.0,0.0,1.0,1.0
2.0,24.0,1.0,4.0,2538.0,1.0,1.0,4.0,0.0,4.0,2.0,1.0,2.0,1.0,1.0,2.0,1.0,1.0,0.0,1.0,1.0
2.0,24.0,1.0,4.0,1347.0,1.0,0.0,4.0,0.0,2.0,1.0,1.0,2.0,1.0,1.0,2.0,1.0,1.0,0.0,1.0,1.0
2.0,18.0,1.0,0.0,2577.0,1.0,1.0,1.0,0.0,1.0,0.0,1.0,2.0,1.0,1.0,1.0,1.0,1.0,0.0,0.0,1.0
0.0,7.0,0.0,0.0,5259.0,0.0,0.0,1.0,0.0,4.0,2.0,0.0,0.0,0.0,4.0,0.0,1.0,0.0,0.0,0.0,0.0
0.0,15.0,1.0,9.0,2631.0,1.0,0.0,2.0,0.0,2.0,0.0,0.0,2.0,1.0,2.0,2.0,1.0,0.0,0.0,1.0,0.0
2.0,12.0,1.0,0.0,1364.0,1.0,0.0,4.0,0.0,4.0,1.0,1.0,2.0,1.0,1.0,2.0,1.0,0.0,0.0,1.0,1.0
1.0,27.0,1.0,7.0,2748.0,1.0,1.0,2.0,0.0,2.0,1.0,1.0,2.0,1.0,1.0,2.0,1.0,1.0,0.0,1.0,0.0
1.0,12.0,1.0,3.0,1526.0,1.0,0.0,2.0,0.0,3.0,0.0,1.0,2.0,1.0,1.0,2.0,1.0,0.0,0.0,1.0,1.0
2.0,24.0,1.0,0.0,1393.0,1.0,0.0,4.0,0.0,2.0,0.0,1.0,2.0,1.0,2.0,2.0,1.0,0.0,0.0,1.0,1.0
1.0,24.0,1.0,4.0,2442.0,0.0,0.0,4.0,0.0,3.0,1.0,1.0,2.0,1.0,1.0,2.0,1.0,0.0,0.0,0.0,1.0
1.0,24.0,1.0,9.0,3051.0,1.0,1.0,4.0,0.0,4.0,2.0,1.0,2.0,1.0,1.0,2.0,1.0,0.0,0.0,1.0,1.0
2.0,15.0,1.0,4.0,1533.0,1.0,0.0,4.0,0.0,3.0,1.0,1.0,2.0,0.0,1.0,2.0,1.0,0.0,0.0,0.0,1.0
2.0,15.0,1.0,0.0,1521.0,1.0,1.0,2.0,0.0,1.0,1.0,1.0,2.0,1.0,1.0,3.0,2.0,1.0,0.0,1.0,1.0
2.0,0.0,2.0,8.0,12400.0,0.0,2.0,1.0,2.0,3.0,1.0,1.0,0.0,2.0,2.0,3.0,1.0,1.0,1.0,1.0,1.0
2.0,24.0,2.0,1.0,1516.0,0.0,1.0,4.0,0.0,4.0,2.0,1.0,2.0,0.0,2.0,3.0,2.0,1.0,0.0,1.0,0.0
2.0,12.0,2.0,4.0,1282.0,1.0,0.0,4.0,0.0,1.0,0.0,1.0,2.0,1.0,1.0,2.0,1.0,0.0,0.0,1.0,1.0
1.0,18.0,1.0,0.0,10222.0,1.0,0.0,3.0,0.0,2.0,2.0,1.0,2.0,1.0,1.0,2.0,1.0,0.0,0.0,1.0,1.0
0.0,2.0,0.0,0.0,10800.0,0.0,0.0,3.0,0.0,1.0,1.0,1.0,0.0,1.0,4.0,0.0,1.0,1.0,0.0,0.0,1.0
0.0,0.0,1.0,0.0,17500.0,1.0,0.0,1.0,0.0,1.0,0.0,1.0,0.0,0.0,1.0,0.0,1.0,0.0,0.0,0.0,1.0
1.0,24.0,1.0,4.0,4452.0,1.0,0.0,3.0,0.0,2.0,0.0,1.0,2.0,1.0,1.0,2.0,1.0,0.0,0.0,1.0,1.0
2.0,30.0,1.0,1.0,4351.0,1.0,0.0,2.0,0.0,2.0,2.0,1.0,2.0,1.0,1.0,2.0,1.0,0.0,0.0,1.0,1.0
2.0,24.0,1.0,4.0,3049.0,0.0,0.0,2.0,0.0,4.0,2.0,1.0,2.0,1.0,1.0,2.0,1.0,1.0,0.0,0.0,1.0
2.0,12.0,2.0,4.0,1238.0,1.0,0.0,4.0,0.0,2.0,2.0,1.0,2.0,1.0,2.0,2.0,1.0,1.0,0.0,1.0,1.0
2.0,0.0,2.0,9.0,14200.0,0.0,2.0,1.0,2.0,1.0,1.0,0.0,2.0,2.0,4.0,3.0,2.0,0.0,1.0,1.0,0.0
1.0,10.0,1.0,4.0,1437.0,1.0,0.0,2.0,0.0,4.0,1.0,0.0,2.0,0.0,1.0,2.0,1.0,0.0,0.0,1.0,1.0
2.0,15.0,1.0,3.0,1512.0,1.0,0.0,1.0,0.0,2.0,1.0,1.0,2.0,1.0,2.0,2.0,1.0,0.0,0.0,1.0,1.0
1.0,36.0,1.0,3.0,3972.0,1.0,1.0,4.0,0.0,4.0,2.0,1.0,2.0,1.0,1.0,2.0,1.0,1.0,0.0,1.0,0.0
1.0,1.0,2.0,9.0,7057.0,0.0,1.0,2.0,0.0,3.0,2.0,0.0,2.0,1.0,4.0,2.0,1.0,0.0,0.0,1.0,0.0
2.0,12.0,1.0,0.0,727.0,1.0,0.0,4.0,0.0,1.0,1.0,1.0,2.0,1.0,1.0,1.0,1.0,0.0,0.0,1.0,1.0
2.0,12.0,1.0,4.0,976.0,2.0,0.0,4.0,0.0,3.0,2.0,1.0,2.0,1.0,1.0,2.0,1.0,0.0,0.0,0.0,1.0
1.0,12.0,1.0,4.0,795.0,1.0,1.0,3.0,0.0,4.0,2.0,0.0,2.0,1.0,1.0,2.0,1.0,0.0,0.0,0.0,1.0
1.0,12.0,1.0,4.0,1533.0,1.0,1.0,4.0,0.0,4.0,2.0,1.0,2.0,1.0,1.0,1.0,2.0,0.0,0.0,1.0,1.0
2.0,24.0,2.0,9.0,2788.0,0.0,1.0,2.0,0.0,4.0,3.0,1.0,2.0,2.0,2.0,2.0,1.0,0.0,0.0,1.0,1.0
1.0,36.0,1.0,1.0,4473.0,1.0,1.0,3.0,0.0,2.0,3.0,1.0,2.0,2.0,1.0,2.0,1.0,0.0,0.0,1.0,0.0
1.0,24.0,1.0,4.0,1206.0,1.0,1.0,4.0,0.0,4.0,2.0,1.0,2.0,1.0,1.0,2.0,1.0,0.0,0.0,1.0,1.0
2.0,10.0,2.0,0.0,1337.0,1.0,1.0,2.0,0.0,4.0,0.0,1.0,1.0,1.0,2.0,2.0,1.0,0.0,0.0,1.0,1.0
2.0,24.0,2.0,4.0,1037.0,1.0,1.0,2.0,0.0,4.0,1.0,1.0,2.0,1.0,2.0,2.0,1.0,0.0,0.0,1.0,1.0
0.0,0.0,0.0,0.0,5099.0,0.0,0.0,1.0,0.0,4.0,0.0,1.0,0.0,0.0,1.0,0.0,2.0,1.0,0.0,0.0,1.0
1.0,6.0,1.0,0.0,1599.0,1.0,0.0,1.0,0.0,2.0,2.0,1.0,1.0,1.0,1.0,2.0,1.0,0.0,0.0,1.0,0.0
2.0,12.0,1.0,4.0,929.0,1.0,0.0,4.0,0.0,2.0,0.0,1.0,2.0,1.0,1.0,2.0,1.0,1.0,0.0,1.0,1.0
0.0,6.0,0.0,0.0,609.0,0.0,0.0,1.0,1.0,4.0,0.0,1.0,0.0,2.0,4.0,0.0,2.0,1.0,0.0,0.0,1.0
0.0,12.0,1.0,4.0,766.0,1.0,1.0,1.0,0.0,4.0,2.0,0.0,2.0,1.0,1.0,2.0,1.0,1.0,0.0,1.0,1.0
1.0,12.0,1.0,9.0,2753.0,1.0,0.0,4.0,2.0,2.0,2.0,0.0,1.0,1.0,2.0,2.0,1.0,0.0,0.0,1.0,0.0
1.0,24.0,1.0,3.0,1520.0,1.0,0.0,4.0,0.0,4.0,0.0,1.0,2.0,1.0,1.0,2.0,1.0,0.0,0.0,1.0,1.0
1.0,12.0,1.0,0.0,976.0,1.0,2.0,3.0,2.0,4.0,0.0,1.0,2.0,1.0,1.0,3.0,2.0,1.0,0.0,0.0,0.0
1.0,6.0,1.0,0.0,1374.0,1.0,0.0,1.0,0.0,2.0,2.0,1.0,2.0,1.0,1.0,1.0,1.0,0.0,0.0,0.0,1.0
1.0,12.0,1.0,0.0,926.0,1.0,0.0,4.0,0.0,2.0,0.0,1.0,2.0,0.0,1.0,2.0,1.0,0.0,0.0,0.0,0.0
1.0,0.0,2.0,5.0,16400.0,2.0,2.0,1.0,0.0,2.0,1.0,0.0,0.0,1.0,3.0,0.0,1.0,1.0,1.0,0.0,0.0
2.0,36.0,2.0,0.0,3446.0,1.0,1.0,4.0,0.0,2.0,1.0,1.0,2.0,1.0,2.0,1.0,1.0,0.0,0.0,1.0,1.0
2.0,0.0,2.0,9.0,10999.0,0.0,1.0,4.0,2.0,4.0,1.0,0.0,2.0,2.0,4.0,3.0,1.0,1.0,1.0,1.0,0.0
2.0,42.0,2.0,3.0,4452.0,0.0,1.0,2.0,0.0,3.0,1.0,1.0,2.0,1.0,3.0,2.0,2.0,1.0,0.0,1.0,1.0
1.0,24.0,1.0,9.0,3200.0,1.0,0.0,4.0,0.0,1.0,1.0,0.0,1.0,1.0,1.0,2.0,1.0,0.0,0.0,1.0,0.0
1.0,0.0,2.0,7.0,1640.0,1.0,0.0,1.0,0.0,3.0,0.0,0.0,2.0,0.0,1.0,1.0,1.0,0.0,0.0,1.0,0.0
2.0,12.0,2.0,4.0,1750.0,1.0,1.0,4.0,0.0,4.0,0.0,1.0,2.0,1.0,2.0,2.0,1.0,1.0,0.0,1.0,1.0
1.0,18.0,2.0,4.0,929.0,2.0,1.0,4.0,0.0,4.0,0.0,1.0,2.0,1.0,2.0,2.0,1.0,1.0,0.0,1.0,1.0
1.0,24.0,1.0,1.0,1288.0,1.0,0.0,4.0,0.0,4.0,2.0,0.0,0.0,0.0,1.0,2.0,1.0,1.0,0.0,0.0,0.0
2.0,0.0,2.0,9.0,12400.0,0.0,2.0,1.0,2.0,1.0,0.0,0.0,2.0,2.0,2.0,3.0,1.0,0.0,1.0,1.0,0.0
1.0,12.0,1.0,3.0,1409.0,1.0,0.0,4.0,0.0,4.0,0.0,1.0,2.0,1.0,1.0,2.0,1.0,1.0,0.0,1.0,1.0
1.0,24.0,2.0,9.0,3650.0,0.0,0.0,1.0,0.0,2.0,1.0,1.0,2.0,1.0,2.0,1.0,2.0,0.0,0.0,1.0,1.0
0.0,0.0,2.0,0.0,15200.0,0.0,0.0,1.0,1.0,1.0,0.0,0.0,0.0,0.0,4.0,1.0,1.0,0.0,0.0,1.0,0.0
1.0,12.0,2.0,0.0,1262.0,1.0,2.0,4.0,0.0,3.0,3.0,1.0,2.0,2.0,2.0,3.0,2.0,0.0,0.0,1.0,1.0
1.0,18.0,1.0,0.0,1275.0,1.0,1.0,2.0,0.0,2.0,2.0,1.0,2.0,1.0,1.0,2.0,1.0,1.0,0.0,1.0,0.0
1.0,0.0,2.0,9.0,13800.0,2.0,0.0,1.0,1.0,1.0,0.0,1.0,2.0,1.0,4.0,3.0,1.0,0.0,1.0,1.0,1.0
0.0,15.0,1.0,0.0,3384.0,1.0,0.0,3.0,0.0,4.0,1.0,1.0,2.0,1.0,1.0,2.0,1.0,1.0,0.0,1.0,1.0
2.0,19.0,0.0,4.0,1123.0,1.0,1.0,4.0,0.0,3.0,0.0,1.0,2.0,1.0,2.0,2.0,1.0,1.0,0.0,1.0,1.0
1.0,12.0,2.0,3.0,785.0,1.0,0.0,4.0,0.0,4.0,2.0,1.0,2.0,1.0,2.0,2.0,1.0,0.0,0.0,1.0,1.0
2.0,24.0,2.0,9.0,1345.0,1.0,1.0,4.0,0.0,3.0,1.0,1.0,2.0,1.0,2.0,2.0,1.0,1.0,0.0,1.0,1.0
2.0,24.0,1.0,3.0,1258.0,1.0,1.0,2.0,0.0,4.0,2.0,1.0,2.0,1.0,1.0,2.0,1.0,0.0,0.0,1.0,1.0
1.0,48.0,1.0,3.0,9572.0,1.0,0.0,2.0,0.0,1.0,2.0,1.0,2.0,1.0,1.0,2.0,1.0,1.0,0.0,1.0,0.0
1.0,12.0,1.0,0.0,866.0,1.0,0.0,2.0,0.0,2.0,2.0,0.0,0.0,1.0,1.0,2.0,1.0,0.0,0.0,1.0,0.0
2.0,48.0,1.0,9.0,1190.0,1.0,0.0,2.0,0.0,2.0,2.0,1.0,0.0,1.0,1.0,4.0,1.0,1.0,0.0,1.0,1.0
0.0,7.0,0.0,0.0,1998.0,0.0,0.0,4.0,0.0,1.0,1.0,0.0,2.0,0.0,1.0,0.0,1.0,1.0,1.0,1.0,0.0
1.0,24.0,2.0,4.0,3973.0,1.0,1.0,4.0,0.0,3.0,2.0,1.0,2.0,1.0,2.0,2.0,1.0,0.0,0.0,1.0,1.0
0.0,0.0,0.0,0.0,8499.0,0.0,0.0,1.0,1.0,1.0,0.0,0.0,0.0,0.0,1.0,0.0,1.0,0.0,0.0,0.0,0.0
0.0,9.0,1.0,0.0,6999.0,0.0,0.0,4.0,0.0,1.0,1.0,0.0,0.0,2.0,1.0,3.0,2.0,0.0,0.0,0.0,0.0
1.0,24.0,1.0,0.0,1345.0,1.0,0.0,4.0,0.0,4.0,1.0,1.0,2.0,1.0,1.0,2.0,1.0,0.0,0.0,1.0,0.0
0.0,0.0,0.0,9.0,11786.0,1.0,2.0,1.0,0.0,1.0,1.0,1.0,0.0,2.0,4.0,3.0,1.0,1.0,1.0,1.0,1.0
1.0,18.0,2.0,3.0,2406.0,1.0,1.0,3.0,0.0,2.0,2.0,1.0,2.0,1.0,2.0,2.0,1.0,0.0,0.0,1.0,1.0
1.0,8.0,2.0,0.0,12204.0,0.0,0.0,1.0,0.0,1.0,0.0,1.0,2.0,1.0,1.0,1.0,1.0,0.0,0.0,0.0,1.0
2.0,24.0,1.0,4.0,2333.0,1.0,0.0,4.0,0.0,2.0,0.0,1.0,2.0,1.0,1.0,2.0,1.0,1.0,0.0,1.0,1.0
1.0,36.0,2.0,4.0,4153.0,1.0,0.0,4.0,0.0,1.0,1.0,1.0,2.0,1.0,2.0,2.0,1.0,1.0,0.0,0.0,0.0
2.0,2.0,2.0,9.0,18210.0,2.0,2.0,1.0,1.0,2.0,1.0,1.0,2.0,2.0,4.0,2.0,2.0,1.0,0.0,1.0,1.0
1.0,48.0,1.0,3.0,685.0,1.0,0.0,4.0,0.0,4.0,0.0,1.0,2.0,1.0,1.0,2.0,2.0,0.0,0.0,1.0,1.0
2.0,0.0,2.0,9.0,19401.0,2.0,2.0,1.0,2.0,4.0,0.0,0.0,2.0,2.0,3.0,3.0,1.0,1.0,1.0,1.0,0.0
2.0,2.0,2.0,9.0,19031.0,1.0,2.0,1.0,2.0,4.0,0.0,1.0,2.0,1.0,4.0,2.0,2.0,1.0,1.0,1.0,1.0
1.0,12.0,1.0,0.0,518.0,0.0,2.0,4.0,0.0,4.0,2.0,1.0,2.0,1.0,2.0,3.0,1.0,0.0,0.0,1.0,1.0
0.0,0.0,2.0,9.0,11300.0,2.0,2.0,1.0,2.0,1.0,0.0,1.0,0.0,1.0,4.0,3.0,2.0,1.0,1.0,0.0,1.0
2.0,1.0,1.0,0.0,16889.0,1.0,0.0,1.0,0.0,1.0,1.0,1.0,1.0,1.0,1.0,3.0,1.0,1.0,1.0,1.0,0.0
1.0,24.0,1.0,3.0,2835.0,1.0,0.0,4.0,0.0,2.0,1.0,1.0,2.0,1.0,1.0,2.0,1.0,1.0,0.0,0.0,1.0
0.0,0.0,2.0,9.0,13800.0,2.0,2.0,1.0,1.0,1.0,0.0,0.0,2.0,0.0,4.0,0.0,2.0,1.0,1.0,1.0,0.0
2.0,24.0,1.0,0.0,929.0,1.0,1.0,4.0,0.0,4.0,0.0,1.0,2.0,1.0,1.0,2.0,1.0,1.0,0.0,1.0,1.0
1.0,18.0,1.0,3.0,2825.0,1.0,0.0,4.0,0.0,1.0,1.0,1.0,2.0,1.0,1.0,2.0,1.0,0.0,0.0,1.0,1.0
1.0,12.0,1.0,4.0,4281.0,1.0,0.0,2.0,0.0,2.0,1.0,0.0,2.0,1.0,1.0,2.0,1.0,0.0,0.0,1.0,0.0
1.0,12.0,1.0,4.0,763.0,1.0,0.0,2.0,0.0,4.0,0.0,1.0,0.0,1.0,1.0,1.0,2.0,0.0,0.0,1.0,1.0
2.0,15.0,1.0,4.0,707.0,1.0,0.0,4.0,0.0,4.0,2.0,1.0,2.0,1.0,1.0,2.0,1.0,0.0,0.0,1.0,1.0
2.0,3.0,0.0,8.0,8400.0,0.0,2.0,4.0,0.0,4.0,0.0,0.0,0.0,2.0,4.0,0.0,1.0,0.0,0.0,0.0,0.0
2.0,15.0,2.0,4.0,1567.0,1.0,0.0,4.0,0.0,2.0,2.0,1.0,2.0,1.0,2.0,2.0,1.0,0.0,0.0,0.0,1.0
1.0,24.0,1.0,4.0,2327.0,1.0,1.0,3.0,0.0,4.0,2.0,1.0,0.0,1.0,1.0,2.0,1.0,0.0,0.0,1.0,1.0
2.0,9.0,2.0,4.0,996.0,2.0,1.0,4.0,0.0,2.0,0.0,1.0,2.0,1.0,2.0,1.0,1.0,0.0,0.0,1.0,1.0
1.0,24.0,1.0,0.0,1255.0,1.0,1.0,2.0,0.0,4.0,3.0,1.0,2.0,2.0,1.0,2.0,1.0,0.0,0.0,1.0,1.0
1.0,18.0,1.0,4.0,1768.0,1.0,0.0,4.0,0.0,4.0,0.0,0.0,2.0,1.0,1.0,1.0,1.0,0.0,0.0,0.0,0.0
2.0,12.0,1.0,0.0,2687.0,2.0,0.0,2.0,0.0,2.0,0.0,1.0,2.0,1.0,1.0,1.0,1.0,0.0,0.0,1.0,1.0
1.0,36.0,1.0,4.0,10297.0,2.0,2.0,4.0,0.0,4.0,1.0,1.0,2.0,1.0,1.0,2.0,1.0,0.0,0.0,1.0,1.0
1.0,12.0,1.0,0.0,691.0,1.0,0.0,4.0,0.0,2.0,0.0,1.0,2.0,1.0,1.0,2.0,1.0,1.0,0.0,1.0,0.0
0.0,21.0,0.0,0.0,1097.0,1.0,2.0,3.0,0.0,4.0,1.0,1.0,2.0,0.0,1.0,0.0,1.0,1.0,0.0,0.0,1.0
0.0,0.0,0.0,0.0,2800.0,0.0,0.0,1.0,0.0,1.0,0.0,0.0,0.0,0.0,1.0,0.0,1.0,0.0,0.0,0.0,0.0
2.0,36.0,1.0,3.0,3349.0,1.0,0.0,4.0,0.0,4.0,2.0,1.0,2.0,1.0,1.0,2.0,1.0,1.0,0.0,0.0,1.0
1.0,24.0,1.0,3.0,3914.0,1.0,0.0,4.0,2.0,3.0,1.0,1.0,0.0,1.0,1.0,2.0,1.0,1.0,0.0,1.0,1.0
0.0,0.0,0.0,0.0,0.0,0.0,0.0,1.0,0.0,1.0,0.0,0.0,0.0,0.0,1.0,0.0,1.0,0.0,0.0,0.0,0.0
2.0,18.0,1.0,0.0,6850.0,1.0,1.0,2.0,0.0,2.0,2.0,1.0,2.0,1.0,1.0,2.0,1.0,1.0,0.0,0.0,1.0
0.0,0.0,0.0,0.0,1768.0,0.0,0.0,1.0,0.0,1.0,0.0,0.0,0.0,0.0,1.0,0.0,1.0,0.0,0.0,0.0,0.0
1.0,24.0,1.0,0.0,2578.0,1.0,0.0,4.0,0.0,2.0,1.0,1.0,2.0,1.0,1.0,2.0,1.0,0.0,0.0,1.0,0.0
1.0,9.0,0.0,0.0,4993.0,1.0,0.0,1.0,1.0,2.0,2.0,0.0,0.0,0.0,1.0,2.0,2.0,0.0,0.0,0.0,0.0
1.0,18.0,1.0,3.0,1521.0,2.0,1.0,4.0,0.0,4.0,2.0,0.0,2.0,0.0,1.0,1.0,1.0,0.0,0.0,1.0,0.0
1.0,24.0,1.0,4.0,2924.0,1.0,1.0,4.0,0.0,4.0,2.0,1.0,2.0,0.0,1.0,2.0,1.0,0.0,0.0,1.0,0.0
1.0,30.0,1.0,3.0,4679.0,1.0,0.0,1.0,0.0,2.0,0.0,1.0,0.0,1.0,2.0,2.0,1.0,1.0,0.0,1.0,0.0
1.0,12.0,1.0,1.0,6199.0,1.0,0.0,4.0,0.0,2.0,0.0,0.0,0.0,1.0,1.0,0.0,1.0,0.0,0.0,0.0,0.0
2.0,18.0,2.0,4.0,6642.0,0.0,0.0,3.0,0.0,4.0,1.0,1.0,2.0,0.0,2.0,1.0,1.0,0.0,0.0,0.0,1.0
1.0,9.0,1.0,0.0,1346.0,1.0,0.0,4.0,0.0,2.0,2.0,1.0,0.0,1.0,1.0,2.0,2.0,0.0,0.0,1.0,1.0
1.0,24.0,1.0,0.0,2812.0,1.0,1.0,4.0,0.0,4.0,1.0,1.0,2.0,2.0,1.0,2.0,1.0,1.0,0.0,1.0,1.0
2.0,18.0,1.0,3.0,6148.0,2.0,1.0,2.0,0.0,4.0,0.0,1.0,0.0,1.0,1.0,1.0,1.0,0.0,0.0,1.0,1.0
1.0,12.0,1.0,0.0,753.0,1.0,0.0,4.0,0.0,2.0,0.0,0.0,2.0,1.0,1.0,1.0,1.0,0.0,0.0,0.0,1.0
2.0,0.0,2.0,0.0,14149.0,0.0,1.0,1.0,2.0,1.0,1.0,1.0,0.0,1.0,2.0,3.0,2.0,1.0,0.0,1.0,1.0
2.0,9.0,1.0,0.0,2022.0,0.0,1.0,2.0,0.0,2.0,0.0,1.0,2.0,0.0,1.0,2.0,1.0,0.0,0.0,0.0,1.0
0.0,21.0,1.0,3.0,783.0,2.0,0.0,4.0,0.0,1.0,0.0,1.0,2.0,1.0,1.0,1.0,1.0,0.0,0.0,0.0,0.0
1.0,1.0,0.0,0.0,6642.0,1.0,0.0,1.0,0.0,2.0,2.0,0.0,0.0,1.0,1.0,0.0,1.0,0.0,0.0,0.0,0.0
2.0,24.0,0.0,3.0,1193.0,2.0,1.0,1.0,0.0,2.0,1.0,1.0,1.0,1.0,1.0,3.0,1.0,1.0,0.0,1.0,0.0
2.0,24.0,1.0,0.0,2978.0,1.0,0.0,4.0,0.0,3.0,2.0,1.0,1.0,1.0,1.0,2.0,1.0,0.0,0.0,0.0,1.0
1.0,18.0,2.0,9.0,8010.0,1.0,0.0,4.0,0.0,4.0,1.0,1.0,2.0,1.0,2.0,2.0,1.0,0.0,0.0,0.0,1.0
1.0,18.0,1.0,0.0,3124.0,1.0,1.0,4.0,0.0,4.0,1.0,1.0,2.0,1.0,1.0,2.0,1.0,0.0,0.0,1.0,0.0
1.0,18.0,2.0,3.0,2899.0,1.0,0.0,4.0,0.0,3.0,0.0,0.0,2.0,0.0,1.0,2.0,2.0,0.0,0.0,0.0,0.0
2.0,12.0,1.0,4.0,709.0,1.0,0.0,4.0,0.0,1.0,0.0,1.0,2.0,1.0,1.0,2.0,1.0,0.0,0.0,0.0,0.0
1.0,12.0,1.0,0.0,2073.0,1.0,1.0,2.0,0.0,4.0,2.0,0.0,2.0,0.0,1.0,2.0,1.0,0.0,0.0,0.0,0.0
1.0,24.0,1.0,3.0,4042.0,1.0,0.0,4.0,0.0,3.0,1.0,1.0,2.0,1.0,1.0,2.0,1.0,1.0,0.0,0.0,0.0
1.0,18.0,2.0,3.0,3343.0,1.0,1.0,4.0,0.0,3.0,2.0,1.0,2.0,1.0,1.0,3.0,1.0,1.0,0.0,1.0,1.0
0.0,1.0,2.0,0.0,6642.0,0.0,0.0,1.0,2.0,2.0,1.0,0.0,0.0,1.0,4.0,0.0,1.0,0.0,1.0,1.0,0.0
0.0,0.0,0.0,0.0,3400.0,0.0,0.0,1.0,0.0,1.0,0.0,1.0,0.0,0.0,1.0,0.0,1.0,0.0,0.0,0.0,1.0
1.0,9.0,1.0,4.0,939.0,1.0,1.0,4.0,1.0,1.0,0.0,1.0,2.0,1.0,1.0,2.0,1.0,0.0,0.0,1.0,1.0
2.0,12.0,1.0,4.0,708.0,1.0,0.0,3.0,0.0,2.0,1.0,1.0,2.0,1.0,1.0,2.0,1.0,0.0,0.0,1.0,1.0
1.0,9.0,1.0,4.0,2136.0,1.0,1.0,4.0,1.0,3.0,0.0,0.0,2.0,1.0,1.0,1.0,1.0,0.0,0.0,1.0,1.0
1.0,21.0,1.0,1.0,6289.0,1.0,0.0,3.0,0.0,1.0,1.0,1.0,2.0,1.0,1.0,2.0,1.0,1.0,0.0,0.0,0.0
0.0,18.0,1.0,4.0,1516.0,2.0,0.0,4.0,0.0,3.0,0.0,1.0,2.0,1.0,1.0,2.0,1.0,0.0,0.0,1.0,1.0
1.0,18.0,1.0,0.0,1258.0,1.0,0.0,1.0,0.0,2.0,2.0,1.0,2.0,1.0,1.0,2.0,1.0,0.0,0.0,0.0,0.0
2.0,18.0,2.0,3.0,3590.0,2.0,1.0,4.0,0.0,4.0,0.0,1.0,2.0,1.0,2.0,2.0,1.0,0.0,0.0,1.0,1.0
2.0,24.0,2.0,4.0,2346.0,1.0,1.0,2.0,0.0,2.0,0.0,1.0,2.0,1.0,1.0,3.0,2.0,1.0,0.0,1.0,1.0
1.0,48.0,1.0,3.0,6999.0,1.0,0.0,1.0,0.0,2.0,1.0,1.0,2.0,1.0,1.0,2.0,1.0,0.0,0.0,1.0,0.0
1.0,6.0,1.0,4.0,1382.0,1.0,1.0,4.0,0.0,3.0,2.0,1.0,2.0,1.0,1.0,2.0,1.0,0.0,0.0,1.0,1.0
2.0,12.0,2.0,1.0,1053.0,2.0,2.0,4.0,0.0,2.0,1.0,1.0,2.0,1.0,2.0,0.0,1.0,1.0,1.0,1.0,1.0
0.0,6.0,1.0,0.0,590.0,1.0,0.0,1.0,2.0,2.0,1.0,1.0,2.0,1.0,1.0,1.0,1.0,0.0,0.0,1.0,1.0
2.0,18.0,1.0,4.0,2659.0,2.0,1.0,4.0,0.0,4.0,2.0,1.0,2.0,1.0,1.0,3.0,2.0,1.0,0.0,1.0,1.0
0.0,2.0,1.0,1.0,8386.0,1.0,0.0,2.0,0.0,2.0,2.0,1.0,1.0,1.0,1.0,2.0,1.0,1.0,0.0,1.0,1.0
2.0,12.0,2.0,1.0,1240.0,2.0,0.0,4.0,1.0,1.0,0.0,1.0,2.0,1.0,2.0,2.0,1.0,1.0,0.0,0.0,1.0
1.0,24.0,1.0,4.0,2415.0,1.0,0.0,2.0,0.0,2.0,1.0,1.0,2.0,1.0,1.0,2.0,1.0,1.0,0.0,0.0,1.0
0.0,3.0,2.0,0.0,4599.0,0.0,0.0,1.0,0.0,4.0,1.0,0.0,0.0,1.0,1.0,0.0,2.0,0.0,0.0,0.0,0.0
0.0,0.0,0.0,0.0,14600.0,0.0,0.0,1.0,0.0,1.0,0.0,0.0,2.0,0.0,1.0,0.0,1.0,0.0,0.0,0.0,0.0
1.0,12.0,1.0,0.0,6458.0,1.0,1.0,2.0,0.0,2.0,2.0,1.0,2.0,1.0,1.0,2.0,1.0,1.0,0.0,1.0,1.0
2.0,24.0,1.0,0.0,2772.0,2.0,0.0,2.0,0.0,3.0,2.0,1.0,2.0,1.0,1.0,2.0,1.0,1.0,0.0,1.0,1.0
1.0,24.0,1.0,3.0,2028.0,1.0,0.0,4.0,0.0,3.0,1.0,1.0,2.0,1.0,1.0,2.0,1.0,0.0,0.0,0.0,1.0
2.0,2.0,2.0,6.0,8186.0,2.0,1.0,1.0,1.0,1.0,1.0,1.0,2.0,1.0,1.0,0.0,1.0,1.0,0.0,1.0,1.0
1.0,0.0,2.0,9.0,14300.0,2.0,1.0,1.0,2.0,1.0,0.0,0.0,0.0,2.0,4.0,3.0,1.0,1.0,1.0,1.0,0.0
1.0,24.0,2.0,0.0,1237.0,1.0,0.0,4.0,0.0,2.0,2.0,1.0,2.0,1.0,2.0,2.0,1.0,0.0,0.0,1.0,1.0
1.0,0.0,2.0,0.0,17700.0,0.0,0.0,1.0,1.0,1.0,0.0,0.0,0.0,0.0,4.0,0.0,1.0,0.0,1.0,0.0,0.0
2.0,20.0,2.0,1.0,7057.0,1.0,1.0,4.0,0.0,2.0,0.0,1.0,2.0,1.0,2.0,1.0,1.0,1.0,0.0,1.0,1.0
1.0,24.0,1.0,3.0,3051.0,1.0,1.0,4.0,0.0,1.0,2.0,1.0,2.0,1.0,1.0,2.0,1.0,0.0,0.0,1.0,1.0
1.0,12.0,2.0,1.0,6199.0,1.0,0.0,3.0,0.0,1.0,0.0,1.0,2.0,1.0,2.0,3.0,1.0,1.0,0.0,1.0,1.0
2.0,0.0,2.0,9.0,19299.0,2.0,2.0,1.0,2.0,1.0,0.0,0.0,2.0,2.0,4.0,0.0,1.0,1.0,1.0,1.0,0.0
1.0,24.0,1.0,4.0,3488.0,1.0,0.0,1.0,0.0,1.0,3.0,1.0,2.0,2.0,1.0,2.0,1.0,1.0,0.0,0.0,0.0
1.0,6.0,1.0,0.0,14896.0,1.0,0.0,4.0,0.0,4.0,1.0,1.0,2.0,1.0,1.0,1.0,2.0,1.0,0.0,1.0,1.0
0.0,2.0,1.0,0.0,10800.0,0.0,0.0,4.0,0.0,2.0,2.0,1.0,2.0,1.0,1.0,2.0,1.0,0.0,0.0,0.0,0.0
0.0,24.0,1.0,3.0,3578.0,1.0,0.0,4.0,0.0,4.0,0.0,1.0,2.0,1.0,1.0,2.0,1.0,1.0,0.0,1.0,1.0
1.0,12.0,2.0,3.0,3069.0,1.0,0.0,3.0,0.0,2.0,1.0,1.0,2.0,1.0,2.0,1.0,1.0,0.0,0.0,0.0,0.0
1.0,24.0,1.0,9.0,1042.0,1.0,1.0,4.0,0.0,4.0,2.0,1.0,2.0,1.0,1.0,2.0,1.0,1.0,0.0,1.0,1.0
0.0,2.0,2.0,9.0,12204.0,1.0,2.0,1.0,1.0,1.0,0.0,0.0,2.0,2.0,4.0,3.0,1.0,1.0,1.0,1.0,0.0
1.0,18.0,2.0,3.0,1188.0,1.0,0.0,2.0,0.0,2.0,1.0,1.0,2.0,1.0,2.0,2.0,1.0,0.0,0.0,1.0,0.0
2.0,18.0,1.0,3.0,3496.0,1.0,0.0,3.0,0.0,1.0,2.0,0.0,2.0,1.0,1.0,2.0,1.0,0.0,0.0,0.0,0.0
2.0,15.0,1.0,9.0,1516.0,1.0,1.0,4.0,0.0,2.0,3.0,1.0,2.0,2.0,1.0,2.0,1.0,1.0,0.0,1.0,1.0
1.0,24.0,1.0,0.0,1207.0,1.0,0.0,2.0,0.0,2.0,2.0,1.0,2.0,1.0,1.0,2.0,1.0,0.0,0.0,1.0,1.0
1.0,6.0,1.0,1.0,1237.0,0.0,0.0,1.0,0.0,3.0,2.0,1.0,2.0,1.0,1.0,2.0,1.0,1.0,0.0,0.0,0.0
1.0,12.0,1.0,3.0,1236.0,1.0,1.0,4.0,0.0,4.0,0.0,1.0,2.0,1.0,1.0,2.0,1.0,0.0,0.0,1.0,1.0
1.0,48.0,0.0,0.0,1699.0,1.0,0.0,1.0,0.0,4.0,0.0,0.0,0.0,2.0,2.0,0.0,2.0,1.0,1.0,0.0,0.0
2.0,2.0,1.0,3.0,15753.0,1.0,0.0,4.0,1.0,1.0,0.0,1.0,2.0,1.0,1.0,2.0,1.0,1.0,0.0,1.0,1.0
1.0,1.0,2.0,3.0,8186.0,1.0,1.0,2.0,0.0,2.0,1.0,1.0,2.0,1.0,2.0,2.0,1.0,0.0,0.0,0.0,1.0
1.0,12.0,1.0,3.0,1092.0,1.0,0.0,2.0,0.0,4.0,2.0,1.0,2.0,1.0,1.0,2.0,1.0,1.0,0.0,1.0,0.0
2.0,18.0,1.0,3.0,1275.0,1.0,0.0,4.0,0.0,4.0,2.0,1.0,2.0,0.0,1.0,2.0,1.0,0.0,0.0,0.0,1.0
1.0,18.0,1.0,0.0,3235.0,2.0,1.0,4.0,0.0,4.0,1.0,1.0,2.0,1.0,1.0,2.0,1.0,1.0,0.0,1.0,1.0
1.0,6.0,1.0,0.0,1236.0,1.0,0.0,4.0,0.0,3.0,1.0,1.0,2.0,1.0,1.0,1.0,2.0,0.0,0.0,0.0,1.0
2.0,30.0,0.0,4.0,3186.0,1.0,1.0,4.0,0.0,2.0,2.0,1.0,0.0,1.0,2.0,2.0,1.0,0.0,0.0,1.0,1.0
1.0,24.0,1.0,1.0,4139.0,1.0,2.0,4.0,0.0,4.0,3.0,1.0,2.0,1.0,2.0,3.0,2.0,1.0,0.0,1.0,1.0
1.0,24.0,1.0,0.0,915.0,1.0,1.0,4.0,0.0,4.0,3.0,1.0,0.0,2.0,1.0,2.0,2.0,1.0,0.0,1.0,1.0
0.0,9.0,1.0,0.0,4623.0,0.0,0.0,1.0,0.0,1.0,2.0,1.0,0.0,1.0,1.0,1.0,1.0,1.0,0.0,1.0,1.0
2.0,30.0,2.0,0.0,3049.0,1.0,1.0,3.0,0.0,4.0,1.0,1.0,2.0,1.0,2.0,1.0,1.0,0.0,0.0,1.0,1.0
1.0,12.0,1.0,0.0,6199.0,1.0,1.0,4.0,0.0,4.0,0.0,1.0,1.0,1.0,1.0,3.0,1.0,1.0,0.0,1.0,0.0
0.0,1.0,0.0,5.0,13161.0,1.0,0.0,1.0,1.0,1.0,0.0,0.0,0.0,0.0,4.0,0.0,2.0,1.0,1.0,1.0,0.0
1.0,24.0,2.0,4.0,1185.0,1.0,1.0,2.0,0.0,4.0,3.0,1.0,2.0,2.0,2.0,3.0,1.0,1.0,0.0,1.0,1.0
2.0,12.0,2.0,0.0,7127.0,1.0,0.0,2.0,0.0,2.0,1.0,1.0,2.0,1.0,2.0,2.0,1.0,0.0,0.0,0.0,1.0
1.0,6.0,1.0,0.0,2169.0,1.0,0.0,4.0,0.0,4.0,2.0,1.0,2.0,1.0,1.0,2.0,2.0,1.0,0.0,1.0,1.0
1.0,18.0,1.0,3.0,1843.0,2.0,1.0,4.0,0.0,1.0,2.0,1.0,2.0,1.0,1.0,1.0,1.0,0.0,0.0,1.0,1.0
1.0,24.0,1.0,0.0,1484.0,1.0,0.0,4.0,0.0,2.0,2.0,1.0,2.0,1.0,1.0,1.0,1.0,0.0,0.0,0.0,1.0
1.0,12.0,1.0,3.0,1424.0,1.0,1.0,4.0,0.0,4.0,2.0,1.0,2.0,1.0,1.0,3.0,1.0,1.0,0.0,1.0,0.0
1.0,12.0,1.0,4.0,1231.0,1.0,1.0,4.0,0.0,4.0,0.0,1.0,0.0,0.0,1.0,2.0,1.0,0.0,0.0,1.0,0.0
2.0,6.0,1.0,9.0,1603.0,1.0,2.0,1.0,0.0,4.0,0.0,1.0,2.0,1.0,1.0,0.0,1.0,1.0,0.0,1.0,1.0
1.0,6.0,2.0,3.0,1237.0,1.0,1.0,4.0,0.0,4.0,1.0,0.0,2.0,1.0,2.0,2.0,1.0,1.0,0.0,0.0,0.0
2.0,0.0,2.0,9.0,19300.0,2.0,2.0,1.0,2.0,1.0,0.0,1.0,0.0,2.0,4.0,3.0,1.0,1.0,1.0,0.0,1.0
2.0,12.0,2.0,7.0,836.0,2.0,0.0,2.0,0.0,4.0,2.0,1.0,2.0,1.0,2.0,2.0,1.0,1.0,0.0,1.0,1.0
0.0,1.0,0.0,0.0,13000.0,0.0,0.0,1.0,0.0,1.0,2.0,1.0,0.0,0.0,1.0,0.0,1.0,0.0,0.0,0.0,1.0
0.0,3.0,1.0,9.0,7200.0,2.0,1.0,3.0,1.0,4.0,0.0,1.0,0.0,1.0,1.0,2.0,1.0,0.0,0.0,0.0,1.0
2.0,36.0,2.0,3.0,2788.0,1.0,0.0,4.0,0.0,4.0,1.0,1.0,2.0,1.0,2.0,2.0,1.0,1.0,0.0,1.0,0.0
0.0,0.0,0.0,0.0,1468.0,0.0,0.0,4.0,0.0,1.0,1.0,1.0,0.0,0.0,1.0,0.0,1.0,0.0,0.0,0.0,1.0
1.0,12.0,1.0,0.0,841.0,1.0,1.0,4.0,0.0,4.0,2.0,1.0,2.0,1.0,1.0,1.0,1.0,0.0,0.0,1.0,1.0
1.0,24.0,1.0,4.0,1577.0,1.0,0.0,4.0,0.0,2.0,2.0,1.0,2.0,0.0,1.0,2.0,1.0,0.0,0.0,1.0,0.0
1.0,18.0,1.0,4.0,1534.0,1.0,1.0,4.0,0.0,4.0,2.0,1.0,2.0,0.0,1.0,2.0,1.0,1.0,0.0,1.0,0.0
0.0,0.0,0.0,0.0,18800.0,0.0,0.0,1.0,0.0,1.0,0.0,1.0,0.0,0.0,1.0,0.0,1.0,0.0,0.0,0.0,1.0
0.0,1.0,0.0,0.0,2069.0,0.0,0.0,2.0,0.0,1.0,0.0,0.0,0.0,0.0,1.0,0.0,1.0,0.0,0.0,0.0,0.0
2.0,48.0,2.0,3.0,6568.0,2.0,1.0,4.0,0.0,4.0,2.0,1.0,2.0,1.0,2.0,2.0,1.0,0.0,0.0,1.0,1.0
2.0,5.0,2.0,0.0,1736.0,0.0,2.0,2.0,1.0,2.0,0.0,1.0,0.0,0.0,2.0,1.0,1.0,1.0,0.0,1.0,1.0
2.0,24.0,0.0,4.0,12579.0,1.0,0.0,2.0,0.0,4.0,2.0,1.0,2.0,1.0,1.0,2.0,1.0,0.0,0.0,0.0,1.0
1.0,12.0,1.0,4.0,2662.0,1.0,1.0,4.0,0.0,3.0,0.0,0.0,2.0,1.0,1.0,2.0,1.0,0.0,0.0,1.0,0.0
0.0,0.0,2.0,0.0,4993.0,0.0,0.0,2.0,2.0,1.0,2.0,1.0,0.0,0.0,4.0,0.0,0.0,0.0,0.0,0.0,1.0
2.0,40.0,2.0,4.0,7882.0,1.0,0.0,1.0,0.0,2.0,1.0,1.0,2.0,1.0,2.0,2.0,1.0,0.0,0.0,1.0,1.0
0.0,0.0,0.0,0.0,8828.0,0.0,0.0,2.0,0.0,4.0,2.0,0.0,0.0,0.0,1.0,0.0,2.0,0.0,0.0,0.0,0.0
0.0,0.0,0.0,0.0,13000.0,0.0,0.0,1.0,0.0,1.0,0.0,0.0,0.0,0.0,1.0,0.0,1.0,0.0,0.0,0.0,0.0
0.0,0.0,0.0,0.0,19300.0,0.0,0.0,1.0,0.0,1.0,0.0,0.0,0.0,0.0,1.0,0.0,1.0,1.0,0.0,0.0,0.0
1.0,18.0,2.0,0.0,4249.0,1.0,1.0,4.0,0.0,4.0,1.0,1.0,2.0,1.0,2.0,3.0,1.0,1.0,0.0,1.0,0.0
2.0,18.0,2.0,4.0,1445.0,2.0,0.0,4.0,0.0,2.0,0.0,1.0,2.0,1.0,2.0,2.0,1.0,0.0,0.0,0.0,1.0
1.0,12.0,1.0,0.0,1049.0,1.0,0.0,2.0,0.0,3.0,0.0,0.0,0.0,0.0,1.0,1.0,1.0,0.0,0.0,0.0,0.0
0.0,5.0,2.0,9.0,12953.0,2.0,0.0,1.0,2.0,4.0,0.0,1.0,0.0,0.0,4.0,1.0,1.0,1.0,1.0,0.0,1.0
2.0,24.0,1.0,0.0,1657.0,1.0,0.0,4.0,0.0,4.0,3.0,0.0,2.0,2.0,1.0,1.0,1.0,1.0,0.0,1.0,1.0
1.0,6.0,1.0,0.0,1346.0,2.0,1.0,1.0,0.0,2.0,2.0,1.0,2.0,1.0,1.0,1.0,1.0,0.0,0.0,0.0,1.0
1.0,36.0,1.0,4.0,3590.0,1.0,0.0,2.0,0.0,2.0,1.0,1.0,2.0,1.0,1.0,2.0,1.0,0.0,0.0,1.0,1.0
2.0,0.0,2.0,9.0,11039.0,0.0,2.0,1.0,2.0,4.0,0.0,0.0,2.0,2.0,2.0,3.0,1.0,1.0,1.0,1.0,0.0
2.0,13.0,2.0,9.0,13416.0,2.0,2.0,3.0,2.0,4.0,0.0,1.0,2.0,1.0,4.0,0.0,1.0,1.0,1.0,1.0,1.0
1.0,6.0,1.0,4.0,1050.0,1.0,0.0,2.0,0.0,4.0,0.0,1.0,2.0,0.0,1.0,3.0,1.0,0.0,0.0,1.0,0.0
2.0,12.0,2.0,4.0,790.0,1.0,0.0,4.0,0.0,2.0,1.0,1.0,2.0,1.0,2.0,2.0,1.0,0.0,0.0,0.0,0.0
2.0,24.0,1.0,7.0,1258.0,1.0,0.0,4.0,0.0,4.0,1.0,1.0,2.0,1.0,1.0,2.0,1.0,0.0,0.0,1.0,1.0
1.0,48.0,1.0,4.0,4679.0,1.0,0.0,1.0,0.0,2.0,2.0,1.0,2.0,1.0,1.0,1.0,1.0,0.0,0.0,1.0,1.0
1.0,21.0,2.0,4.0,2775.0,2.0,1.0,1.0,0.0,4.0,1.0,1.0,2.0,1.0,2.0,2.0,2.0,1.0,0.0,1.0,1.0
2.0,9.0,1.0,3.0,1345.0,1.0,1.0,4.0,0.0,4.0,1.0,1.0,2.0,1.0,1.0,1.0,1.0,0.0,0.0,1.0,1.0
2.0,36.0,2.0,9.0,5179.0,2.0,2.0,4.0,0.0,4.0,2.0,1.0,0.0,1.0,2.0,3.0,1.0,1.0,0.0,1.0,1.0
2.0,21.0,2.0,3.0,11590.0,0.0,1.0,3.0,0.0,2.0,0.0,1.0,2.0,0.0,1.0,1.0,1.0,0.0,0.0,0.0,1.0
2.0,16.0,2.0,5.0,10199.0,2.0,2.0,2.0,2.0,2.0,0.0,1.0,2.0,1.0,1.0,0.0,1.0,1.0,0.0,1.0,0.0
0.0,0.0,0.0,0.0,13000.0,0.0,0.0,1.0,0.0,4.0,1.0,0.0,0.0,2.0,1.0,0.0,1.0,0.0,1.0,0.0,0.0
1.0,12.0,2.0,4.0,882.0,1.0,1.0,4.0,0.0,1.0,0.0,1.0,2.0,1.0,1.0,2.0,1.0,0.0,0.0,1.0,0.0
0.0,0.0,0.0,0.0,14900.0,0.0,0.0,1.0,0.0,1.0,0.0,1.0,0.0,0.0,1.0,0.0,1.0,0.0,0.0,0.0,1.0
1.0,2.0,1.0,5.0,12953.0,1.0,1.0,2.0,0.0,1.0,2.0,1.0,2.0,0.0,1.0,2.0,1.0,1.0,0.0,0.0,1.0
1.0,18.0,2.0,4.0,1864.0,1.0,1.0,4.0,0.0,4.0,3.0,1.0,2.0,1.0,2.0,2.0,1.0,1.0,0.0,1.0,1.0
1.0,48.0,2.0,0.0,8487.0,1.0,0.0,4.0,0.0,2.0,1.0,0.0,2.0,1.0,2.0,2.0,1.0,0.0,0.0,0.0,0.0
2.0,24.0,2.0,9.0,2577.0,1.0,0.0,4.0,0.0,2.0,2.0,1.0,2.0,1.0,2.0,2.0,1.0,1.0,0.0,1.0,1.0
2.0,12.0,1.0,0.0,7166.0,1.0,1.0,4.0,0.0,3.0,1.0,1.0,2.0,1.0,1.0,2.0,1.0,0.0,0.0,0.0,1.0
1.0,24.0,2.0,3.0,1829.0,1.0,0.0,4.0,0.0,1.0,2.0,1.0,2.0,1.0,1.0,2.0,1.0,0.0,0.0,1.0,0.0
2.0,24.0,0.0,4.0,3448.0,1.0,1.0,4.0,0.0,4.0,2.0,1.0,2.0,1.0,2.0,2.0,1.0,0.0,0.0,1.0,1.0
1.0,36.0,1.0,9.0,4169.0,1.0,2.0,4.0,0.0,4.0,3.0,0.0,2.0,1.0,1.0,3.0,1.0,1.0,0.0,1.0,0.0
1.0,12.0,2.0,3.0,958.0,1.0,0.0,4.0,0.0,2.0,2.0,1.0,2.0,1.0,1.0,2.0,1.0,1.0,0.0,1.0,1.0
1.0,3.0,0.0,0.0,8999.0,0.0,0.0,1.0,0.0,4.0,0.0,0.0,0.0,0.0,1.0,0.0,1.0,1.0,0.0,0.0,1.0
0.0,1.0,0.0,0.0,10804.0,0.0,0.0,1.0,1.0,1.0,0.0,1.0,0.0,1.0,1.0,0.0,1.0,0.0,1.0,0.0,1.0
1.0,12.0,2.0,4.0,1595.0,0.0,0.0,4.0,0.0,4.0,1.0,1.0,2.0,1.0,2.0,2.0,1.0,0.0,0.0,0.0,0.0
1.0,12.0,2.0,3.0,2247.0,1.0,0.0,4.0,0.0,1.0,1.0,1.0,1.0,0.0,2.0,2.0,1.0,1.0,0.0,1.0,0.0
2.0,30.0,1.0,4.0,1131.0,1.0,1.0,2.0,0.0,4.0,0.0,1.0,2.0,1.0,1.0,1.0,2.0,0.0,0.0,1.0,1.0
1.0,24.0,1.0,3.0,3074.0,2.0,1.0,4.0,0.0,1.0,0.0,0.0,2.0,1.0,1.0,2.0,2.0,0.0,0.0,0.0,0.0
2.0,36.0,2.0,0.0,5138.0,1.0,0.0,3.0,0.0,3.0,2.0,1.0,2.0,1.0,2.0,2.0,1.0,1.0,0.0,1.0,1.0
1.0,36.0,2.0,3.0,3857.0,1.0,0.0,1.0,0.0,3.0,3.0,1.0,2.0,2.0,2.0,2.0,1.0,1.0,0.0,1.0,0.0
2.0,24.0,2.0,4.0,9277.0,2.0,1.0,4.0,0.0,4.0,2.0,1.0,2.0,1.0,2.0,2.0,1.0,1.0,0.0,1.0,1.0
0.0,9.0,2.0,0.0,915.0,1.0,0.0,3.0,0.0,4.0,2.0,0.0,2.0,1.0,2.0,2.0,1.0,1.0,0.0,0.0,1.0
2.0,24.0,1.0,4.0,1743.0,1.0,1.0,2.0,0.0,2.0,2.0,1.0,0.0,1.0,1.0,2.0,1.0,0.0,0.0,1.0,0.0
1.0,24.0,1.0,4.0,1213.0,1.0,0.0,4.0,0.0,2.0,0.0,1.0,2.0,1.0,1.0,1.0,1.0,0.0,0.0,1.0,1.0
1.0,24.0,1.0,1.0,1376.0,1.0,1.0,3.0,0.0,4.0,2.0,1.0,0.0,1.0,1.0,2.0,1.0,0.0,0.0,0.0,0.0
2.0,3.0,1.0,9.0,18349.0,2.0,2.0,1.0,0.0,2.0,0.0,1.0,2.0,2.0,1.0,3.0,2.0,1.0,0.0,1.0,1.0
1.0,6.0,1.0,3.0,1262.0,1.0,1.0,2.0,0.0,3.0,0.0,1.0,2.0,1.0,1.0,1.0,1.0,0.0,0.0,1.0,1.0
2.0,12.0,1.0,0.0,496.0,1.0,1.0,4.0,0.0,1.0,1.0,1.0,2.0,1.0,1.0,1.0,1.0,0.0,0.0,1.0,1.0
2.0,12.0,2.0,4.0,684.0,2.0,1.0,4.0,0.0,4.0,0.0,1.0,2.0,1.0,2.0,2.0,1.0,0.0,0.0,1.0,1.0
2.0,15.0,1.0,4.0,1858.0,1.0,0.0,4.0,0.0,2.0,0.0,1.0,2.0,1.0,1.0,2.0,1.0,0.0,0.0,1.0,1.0
1.0,18.0,2.0,4.0,3190.0,1.0,0.0,3.0,0.0,3.0,3.0,0.0,2.0,0.0,1.0,2.0,1.0,1.0,0.0,1.0,1.0
1.0,24.0,1.0,9.0,2662.0,1.0,0.0,4.0,0.0,2.0,2.0,1.0,2.0,1.0,1.0,2.0,1.0,0.0,0.0,0.0,1.0
2.0,13.0,1.0,9.0,3300.0,1.0,0.0,1.0,0.0,1.0,0.0,0.0,0.0,0.0,1.0,3.0,1.0,1.0,0.0,1.0,0.0
1.0,12.0,1.0,3.0,522.0,1.0,1.0,3.0,0.0,4.0,1.0,1.0,2.0,1.0,1.0,2.0,1.0,1.0,0.0,1.0,1.0
1.0,24.0,1.0,3.0,1207.0,1.0,1.0,4.0,0.0,4.0,1.0,1.0,2.0,1.0,1.0,2.0,1.0,0.0,0.0,1.0,1.0
1.0,1.0,0.0,0.0,19900.0,0.0,0.0,1.0,0.0,1.0,1.0,0.0,0.0,0.0,1.0,0.0,1.0,0.0,0.0,0.0,0.0
1.0,36.0,1.0,4.0,4463.0,1.0,0.0,4.0,0.0,2.0,1.0,0.0,2.0,1.0,1.0,3.0,1.0,1.0,0.0,1.0,0.0
1.0,6.0,1.0,1.0,1778.0,1.0,0.0,3.0,0.0,4.0,0.0,1.0,2.0,1.0,1.0,2.0,1.0,0.0,0.0,1.0,1.0
1.0,12.0,2.0,0.0,1459.0,1.0,0.0,4.0,0.0,1.0,0.0,1.0,2.0,1.0,2.0,1.0,1.0,0.0,0.0,1.0,1.0
1.0,12.0,1.0,3.0,1424.0,1.0,0.0,3.0,0.0,1.0,0.0,0.0,2.0,1.0,1.0,2.0,1.0,1.0,0.0,1.0,1.0
1.0,24.0,1.0,3.0,2384.0,1.0,1.0,2.0,0.0,4.0,3.0,1.0,2.0,1.0,1.0,2.0,1.0,0.0,0.0,0.0,1.0
0.0,0.0,2.0,9.0,19300.0,2.0,2.0,1.0,2.0,1.0,0.0,0.0,2.0,2.0,1.0,3.0,1.0,1.0,1.0,1.0,0.0
0.0,0.0,0.0,0.0,4993.0,0.0,0.0,2.0,2.0,3.0,0.0,1.0,0.0,1.0,4.0,0.0,2.0,1.0,1.0,0.0,1.0
1.0,18.0,1.0,3.0,3079.0,2.0,0.0,2.0,0.0,2.0,2.0,1.0,2.0,1.0,1.0,0.0,1.0,0.0,0.0,1.0,1.0
2.0,18.0,1.0,0.0,590.0,1.0,0.0,3.0,0.0,1.0,2.0,1.0,2.0,1.0,1.0,2.0,2.0,0.0,0.0,1.0,1.0
1.0,15.0,0.0,0.0,915.0,1.0,0.0,2.0,0.0,4.0,2.0,1.0,2.0,1.0,2.0,2.0,1.0,0.0,0.0,1.0,0.0
2.0,18.0,0.0,0.0,776.0,1.0,0.0,1.0,0.0,4.0,1.0,1.0,2.0,1.0,2.0,1.0,2.0,1.0,0.0,0.0,1.0
1.0,1.0,2.0,3.0,14799.0,0.0,0.0,1.0,0.0,3.0,2.0,1.0,2.0,1.0,1.0,2.0,1.0,0.0,0.0,1.0,1.0
1.0,12.0,1.0,0.0,1484.0,1.0,0.0,4.0,0.0,3.0,0.0,1.0,2.0,1.0,1.0,2.0,1.0,0.0,0.0,1.0,1.0
1.0,12.0,1.0,4.0,951.0,1.0,0.0,2.0,0.0,4.0,1.0,1.0,2.0,1.0,1.0,2.0,1.0,0.0,0.0,0.0,1.0
0.0,2.0,0.0,0.0,3200.0,0.0,0.0,1.0,0.0,1.0,0.0,0.0,0.0,0.0,1.0,0.0,1.0,0.0,0.0,0.0,0.0
2.0,12.0,1.0,7.0,1567.0,1.0,0.0,3.0,0.0,1.0,0.0,1.0,2.0,0.0,4.0,2.0,1.0,0.0,1.0,1.0,1.0
0.0,80.0,0.0,0.0,996.0,0.0,2.0,1.0,2.0,4.0,1.0,0.0,0.0,2.0,4.0,0.0,1.0,1.0,0.0,0.0,0.0
2.0,48.0,2.0,9.0,2136.0,2.0,1.0,4.0,0.0,4.0,3.0,1.0,2.0,2.0,2.0,2.0,1.0,1.0,0.0,1.0,1.0
1.0,24.0,2.0,1.0,3398.0,2.0,1.0,4.0,0.0,4.0,0.0,1.0,2.0,1.0,1.0,2.0,1.0,1.0,0.0,1.0,1.0
1.0,18.0,1.0,4.0,1851.0,1.0,0.0,2.0,1.0,4.0,2.0,1.0,2.0,1.0,1.0,2.0,1.0,0.0,0.0,1.0,1.0
1.0,12.0,1.0,3.0,6761.0,0.0,1.0,2.0,0.0,2.0,2.0,1.0,2.0,1.0,1.0,2.0,1.0,0.0,0.0,1.0,1.0
2.0,24.0,1.0,4.0,8072.0,2.0,0.0,2.0,0.0,3.0,2.0,1.0,2.0,1.0,1.0,2.0,1.0,1.0,0.0,1.0,1.0
2.0,3.0,2.0,8.0,10300.0,2.0,2.0,1.0,2.0,4.0,0.0,0.0,2.0,2.0,1.0,0.0,1.0,1.0,1.0,0.0,0.0
1.0,12.0,1.0,4.0,3965.0,1.0,0.0,4.0,0.0,4.0,1.0,1.0,0.0,1.0,1.0,3.0,1.0,0.0,0.0,1.0,1.0
2.0,21.0,1.0,0.0,2782.0,1.0,0.0,4.0,1.0,2.0,0.0,1.0,2.0,1.0,1.0,2.0,2.0,0.0,0.0,0.0,1.0
0.0,0.0,0.0,0.0,2749.0,0.0,0.0,1.0,0.0,1.0,1.0,0.0,0.0,1.0,1.0,0.0,1.0,0.0,0.0,0.0,0.0
0.0,2.0,1.0,9.0,6800.0,0.0,0.0,4.0,1.0,1.0,0.0,1.0,2.0,2.0,4.0,0.0,2.0,0.0,1.0,0.0,1.0
2.0,0.0,2.0,9.0,15699.0,2.0,2.0,1.0,2.0,4.0,2.0,0.0,2.0,2.0,1.0,3.0,1.0,1.0,0.0,1.0,0.0
2.0,9.0,1.0,0.0,5129.0,2.0,0.0,4.0,0.0,4.0,1.0,1.0,2.0,1.0,1.0,2.0,1.0,1.0,0.0,0.0,0.0
1.0,4.0,1.0,1.0,12953.0,0.0,2.0,4.0,2.0,3.0,1.0,0.0,0.0,0.0,1.0,3.0,1.0,1.0,1.0,0.0,0.0
1.0,6.0,0.0,0.0,1360.0,1.0,1.0,3.0,0.0,2.0,1.0,1.0,2.0,1.0,2.0,0.0,2.0,1.0,0.0,1.0,0.0
1.0,18.0,1.0,4.0,2622.0,1.0,1.0,2.0,0.0,2.0,2.0,1.0,2.0,1.0,1.0,2.0,1.0,0.0,0.0,1.0,1.0
1.0,10.0,2.0,4.0,2315.0,1.0,1.0,4.0,0.0,4.0,2.0,1.0,2.0,1.0,2.0,2.0,1.0,0.0,0.0,1.0,1.0
0.0,1.0,2.0,8.0,9400.0,0.0,2.0,1.0,2.0,1.0,0.0,1.0,0.0,2.0,1.0,0.0,1.0,0.0,0.0,1.0,1.0
2.0,24.0,1.0,3.0,2051.0,1.0,1.0,4.0,0.0,2.0,2.0,1.0,2.0,1.0,1.0,2.0,1.0,0.0,0.0,1.0,1.0
2.0,24.0,2.0,7.0,2684.0,1.0,1.0,2.0,0.0,4.0,2.0,1.0,2.0,1.0,2.0,2.0,1.0,0.0,0.0,1.0,1.0
2.0,8.0,2.0,1.0,17956.0,2.0,2.0,1.0,2.0,2.0,1.0,1.0,2.0,2.0,4.0,0.0,2.0,1.0,0.0,1.0,1.0
2.0,24.0,1.0,3.0,2069.0,1.0,0.0,4.0,0.0,2.0,0.0,1.0,2.0,1.0,1.0,2.0,1.0,1.0,0.0,1.0,1.0
2.0,0.0,1.0,0.0,7279.0,1.0,0.0,4.0,0.0,4.0,2.0,0.0,0.0,0.0,1.0,0.0,2.0,0.0,0.0,0.0,0.0
0.0,7.0,1.0,3.0,5998.0,1.0,0.0,1.0,0.0,1.0,2.0,1.0,2.0,1.0,1.0,2.0,1.0,0.0,0.0,1.0,1.0
1.0,36.0,1.0,4.0,7297.0,1.0,1.0,4.0,0.0,2.0,1.0,1.0,2.0,1.0,2.0,2.0,1.0,0.0,0.0,0.0,1.0
1.0,12.0,1.0,0.0,6761.0,1.0,0.0,3.0,0.0,2.0,1.0,1.0,2.0,1.0,1.0,3.0,1.0,1.0,0.0,1.0,1.0
1.0,12.0,1.0,1.0,2160.0,1.0,0.0,4.0,0.0,2.0,0.0,1.0,2.0,1.0,1.0,1.0,1.0,0.0,0.0,1.0,0.0
1.0,10.0,1.0,0.0,1699.0,1.0,0.0,2.0,0.0,3.0,1.0,1.0,2.0,1.0,1.0,1.0,2.0,0.0,0.0,0.0,0.0
1.0,12.0,2.0,0.0,3114.0,1.0,1.0,4.0,0.0,2.0,0.0,0.0,2.0,0.0,2.0,2.0,1.0,1.0,0.0,1.0,1.0
0.0,0.0,0.0,0.0,4599.0,0.0,0.0,1.0,0.0,4.0,0.0,1.0,0.0,2.0,1.0,0.0,2.0,0.0,1.0,0.0,1.0
2.0,7.0,2.0,1.0,9566.0,2.0,1.0,2.0,0.0,2.0,2.0,1.0,2.0,2.0,2.0,3.0,2.0,1.0,0.0,1.0,1.0
1.0,36.0,1.0,0.0,2186.0,1.0,0.0,3.0,0.0,2.0,0.0,1.0,2.0,1.0,1.0,2.0,1.0,1.0,0.0,0.0,0.0
1.0,12.0,1.0,0.0,496.0,1.0,0.0,4.0,0.0,2.0,2.0,1.0,2.0,1.0,1.0,1.0,1.0,0.0,0.0,0.0,1.0
1.0,24.0,1.0,3.0,1258.0,1.0,0.0,4.0,0.0,2.0,1.0,1.0,2.0,1.0,1.0,2.0,1.0,0.0,0.0,0.0,1.0
0.0,0.0,0.0,0.0,15000.0,0.0,0.0,1.0,0.0,1.0,0.0,0.0,0.0,0.0,1.0,0.0,0.0,0.0,0.0,0.0,0.0
0.0,77.0,2.0,0.0,9899.0,2.0,2.0,1.0,0.0,4.0,2.0,0.0,0.0,1.0,1.0,0.0,2.0,1.0,0.0,0.0,0.0
1.0,9.0,1.0,0.0,1345.0,1.0,0.0,3.0,0.0,2.0,0.0,1.0,0.0,0.0,1.0,2.0,1.0,0.0,0.0,0.0,1.0
1.0,0.0,2.0,7.0,7699.0,0.0,2.0,1.0,2.0,4.0,0.0,1.0,0.0,2.0,1.0,0.0,2.0,1.0,0.0,0.0,1.0
1.0,0.0,1.0,9.0,15753.0,2.0,2.0,1.0,1.0,2.0,0.0,1.0,2.0,2.0,4.0,3.0,1.0,1.0,1.0,1.0,1.0
2.0,24.0,2.0,3.0,6458.0,1.0,1.0,4.0,0.0,3.0,3.0,1.0,2.0,2.0,2.0,2.0,1.0,1.0,0.0,1.0,1.0
0.0,0.0,0.0,0.0,2969.0,0.0,0.0,4.0,0.0,1.0,2.0,0.0,1.0,0.0,1.0,0.0,1.0,0.0,0.0,0.0,0.0
1.0,9.0,1.0,0.0,2116.0,1.0,2.0,2.0,0.0,4.0,1.0,1.0,2.0,1.0,1.0,2.0,1.0,0.0,0.0,1.0,1.0
0.0,2.0,2.0,5.0,12328.0,2.0,2.0,1.0,2.0,1.0,0.0,0.0,2.0,1.0,4.0,3.0,1.0,0.0,1.0,0.0,0.0
1.0,18.0,1.0,5.0,2235.0,1.0,0.0,4.0,0.0,2.0,1.0,1.0,2.0,1.0,1.0,1.0,1.0,0.0,0.0,1.0,1.0
2.0,24.0,1.0,7.0,2315.0,1.0,0.0,2.0,0.0,4.0,1.0,0.0,2.0,1.0,1.0,1.0,2.0,0.0,0.0,0.0,1.0
1.0,4.0,1.0,0.0,14896.0,1.0,0.0,3.0,0.0,2.0,1.0,1.0,2.0,1.0,1.0,0.0,2.0,1.0,0.0,1.0,1.0
1.0,48.0,1.0,9.0,7685.0,1.0,0.0,3.0,0.0,1.0,2.0,1.0,2.0,1.0,2.0,2.0,1.0,0.0,0.0,0.0,0.0
2.0,1.0,0.0,9.0,12204.0,0.0,2.0,2.0,2.0,1.0,1.0,0.0,2.0,2.0,4.0,3.0,2.0,1.0,0.0,1.0,0.0
1.0,18.0,2.0,3.0,1082.0,1.0,1.0,4.0,0.0,4.0,3.0,1.0,2.0,2.0,2.0,2.0,1.0,0.0,0.0,1.0,0.0
0.0,12.0,2.0,0.0,895.0,0.0,0.0,3.0,0.0,1.0,0.0,0.0,0.0,0.0,4.0,0.0,2.0,1.0,1.0,0.0,0.0
1.0,15.0,1.0,6.0,1715.0,1.0,0.0,4.0,0.0,1.0,2.0,1.0,0.0,1.0,1.0,2.0,1.0,0.0,0.0,1.0,0.0
1.0,12.0,1.0,7.0,674.0,2.0,1.0,4.0,0.0,3.0,0.0,1.0,2.0,1.0,1.0,1.0,2.0,0.0,0.0,1.0,1.0
1.0,24.0,1.0,4.0,1402.0,1.0,0.0,4.0,0.0,2.0,2.0,1.0,2.0,1.0,1.0,3.0,1.0,1.0,0.0,1.0,0.0
1.0,42.0,1.0,4.0,7174.0,2.0,2.0,2.0,0.0,4.0,2.0,1.0,2.0,2.0,1.0,0.0,2.0,1.0,0.0,1.0,1.0
0.0,0.0,0.0,0.0,10804.0,0.0,0.0,1.0,0.0,1.0,0.0,0.0,0.0,0.0,1.0,0.0,1.0,0.0,0.0,0.0,0.0
0.0,24.0,2.0,0.0,2765.0,2.0,1.0,2.0,0.0,2.0,2.0,1.0,2.0,1.0,2.0,2.0,1.0,0.0,0.0,0.0,1.0
2.0,12.0,1.0,0.0,1501.0,1.0,0.0,4.0,0.0,2.0,0.0,1.0,2.0,1.0,1.0,2.0,1.0,0.0,0.0,0.0,1.0
1.0,24.0,1.0,3.0,915.0,1.0,1.0,3.0,0.0,4.0,2.0,1.0,2.0,1.0,2.0,2.0,1.0,0.0,0.0,1.0,1.0
0.0,15.0,1.0,3.0,6411.0,1.0,0.0,2.0,0.0,2.0,1.0,1.0,2.0,1.0,1.0,2.0,2.0,0.0,0.0,1.0,1.0
2.0,36.0,1.0,4.0,1819.0,1.0,0.0,4.0,0.0,2.0,2.0,1.0,2.0,1.0,1.0,2.0,1.0,0.0,0.0,0.0,1.0
2.0,0.0,2.0,9.0,19273.0,2.0,2.0,1.0,2.0,2.0,0.0,1.0,2.0,2.0,1.0,0.0,2.0,1.0,1.0,1.0,1.0
2.0,18.0,1.0,3.0,2249.0,2.0,1.0,4.0,0.0,4.0,0.0,1.0,2.0,1.0,1.0,2.0,1.0,0.0,0.0,1.0,1.0
1.0,12.0,1.0,4.0,1935.0,1.0,0.0,4.0,0.0,2.0,2.0,1.0,2.0,1.0,1.0,2.0,1.0,0.0,0.0,0.0,0.0
2.0,18.0,2.0,9.0,1808.0,2.0,1.0,4.0,2.0,4.0,0.0,1.0,2.0,1.0,3.0,1.0,1.0,0.0,0.0,1.0,1.0
2.0,24.0,1.0,4.0,2924.0,0.0,0.0,4.0,0.0,2.0,1.0,1.0,2.0,0.0,1.0,2.0,1.0,0.0,0.0,1.0,1.0
0.0,2.0,1.0,0.0,895.0,2.0,2.0,4.0,0.0,4.0,2.0,1.0,0.0,0.0,4.0,3.0,1.0,1.0,0.0,0.0,1.0
0.0,7.0,0.0,1.0,6098.0,0.0,0.0,1.0,0.0,4.0,1.0,0.0,0.0,1.0,4.0,0.0,2.0,0.0,1.0,0.0,0.0
1.0,0.0,2.0,9.0,14628.0,0.0,2.0,1.0,2.0,1.0,1.0,0.0,1.0,2.0,1.0,2.0,2.0,1.0,0.0,1.0,0.0
1.0,6.0,1.0,0.0,18900.0,1.0,0.0,1.0,0.0,4.0,3.0,1.0,2.0,2.0,1.0,2.0,1.0,1.0,0.0,0.0,0.0
2.0,24.0,0.0,0.0,2069.0,1.0,0.0,4.0,0.0,1.0,2.0,1.0,2.0,1.0,1.0,2.0,1.0,1.0,0.0,1.0,0.0
0.0,12.0,2.0,7.0,797.0,2.0,1.0,4.0,0.0,4.0,3.0,1.0,0.0,2.0,1.0,1.0,1.0,0.0,0.0,1.0,0.0
1.0,24.0,1.0,4.0,1551.0,1.0,0.0,4.0,0.0,4.0,2.0,1.0,2.0,1.0,1.0,2.0,1.0,0.0,0.0,1.0,1.0
1.0,8.0,1.0,1.0,1338.0,1.0,0.0,1.0,0.0,3.0,0.0,1.0,1.0,1.0,1.0,2.0,1.0,0.0,0.0,1.0,1.0
1.0,12.0,1.0,4.0,12389.0,1.0,1.0,1.0,0.0,4.0,0.0,1.0,2.0,1.0,1.0,2.0,1.0,0.0,0.0,1.0,0.0
2.0,18.0,2.0,3.0,1795.0,1.0,0.0,3.0,0.0,4.0,0.0,1.0,2.0,0.0,2.0,2.0,1.0,0.0,1.0,1.0,1.0
0.0,2.0,0.0,9.0,7088.0,0.0,2.0,1.0,2.0,3.0,0.0,1.0,0.0,1.0,4.0,0.0,2.0,1.0,0.0,0.0,0.0
2.0,24.0,2.0,4.0,4771.0,1.0,0.0,3.0,0.0,4.0,2.0,1.0,0.0,1.0,2.0,2.0,1.0,1.0,0.0,1.0,1.0
2.0,15.0,2.0,4.0,1520.0,0.0,0.0,4.0,0.0,2.0,1.0,1.0,2.0,0.0,2.0,2.0,1.0,0.0,0.0,0.0,1.0
1.0,2.0,2.0,9.0,9900.0,0.0,0.0,2.0,1.0,1.0,0.0,0.0,2.0,2.0,4.0,0.0,1.0,1.0,0.0,0.0,0.0
0.0,12.0,2.0,0.0,684.0,2.0,0.0,1.0,0.0,3.0,1.0,1.0,2.0,0.0,1.0,2.0,1.0,1.0,0.0,0.0,1.0
2.0,10.0,2.0,4.0,1520.0,1.0,0.0,2.0,0.0,3.0,2.0,1.0,2.0,1.0,2.0,2.0,1.0,0.0,0.0,1.0,1.0
2.0,9.0,1.0,9.0,1501.0,1.0,0.0,4.0,0.0,2.0,2.0,1.0,2.0,1.0,1.0,2.0,1.0,1.0,0.0,1.0,1.0
1.0,24.0,1.0,1.0,2358.0,1.0,0.0,2.0,0.0,3.0,2.0,1.0,2.0,1.0,1.0,2.0,1.0,1.0,0.0,1.0,0.0
2.0,24.0,2.0,3.0,3972.0,2.0,1.0,4.0,0.0,4.0,0.0,1.0,2.0,1.0,2.0,1.0,1.0,1.0,0.0,1.0,1.0
1.0,24.0,1.0,3.0,7238.0,1.0,0.0,4.0,0.0,4.0,3.0,1.0,2.0,2.0,1.0,2.0,1.0,0.0,0.0,1.0,1.0
1.0,36.0,1.0,3.0,1553.0,1.0,0.0,4.0,0.0,4.0,2.0,1.0,2.0,1.0,1.0,2.0,1.0,1.0,0.0,0.0,0.0
0.0,2.0,1.0,0.0,16300.0,0.0,0.0,1.0,1.0,1.0,0.0,1.0,0.0,2.0,1.0,0.0,1.0,1.0,0.0,0.0,1.0
1.0,18.0,1.0,4.0,3114.0,1.0,0.0,4.0,0.0,2.0,0.0,1.0,2.0,0.0,1.0,2.0,1.0,0.0,0.0,1.0,0.0
1.0,15.0,1.0,3.0,2319.0,1.0,0.0,3.0,0.0,2.0,1.0,1.0,0.0,0.0,1.0,3.0,1.0,1.0,0.0,0.0,0.0
2.0,6.0,0.0,1.0,1216.0,1.0,0.0,1.0,0.0,3.0,1.0,0.0,2.0,1.0,2.0,1.0,1.0,1.0,0.0,1.0,0.0
1.0,48.0,1.0,9.0,4530.0,1.0,0.0,4.0,0.0,2.0,2.0,1.0,2.0,1.0,1.0,2.0,1.0,0.0,0.0,1.0,1.0
1.0,24.0,1.0,1.0,1374.0,2.0,1.0,4.0,0.0,1.0,0.0,1.0,2.0,1.0,1.0,2.0,1.0,0.0,0.0,1.0,1.0
2.0,6.0,2.0,4.0,1554.0,1.0,1.0,3.0,0.0,3.0,1.0,0.0,2.0,1.0,2.0,2.0,1.0,1.0,0.0,1.0,0.0
2.0,6.0,1.0,0.0,14900.0,2.0,0.0,1.0,0.0,1.0,1.0,1.0,2.0,1.0,1.0,2.0,2.0,0.0,1.0,1.0,1.0
2.0,24.0,1.0,4.0,754.0,1.0,0.0,4.0,0.0,2.0,1.0,1.0,2.0,1.0,1.0,2.0,1.0,1.0,0.0,1.0,0.0
1.0,36.0,1.0,4.0,7374.0,1.0,0.0,2.0,0.0,2.0,2.0,1.0,2.0,1.0,2.0,1.0,1.0,0.0,0.0,0.0,0.0
1.0,6.0,1.0,0.0,6416.0,1.0,0.0,2.0,0.0,3.0,1.0,1.0,2.0,2.0,2.0,2.0,2.0,1.0,0.0,1.0,1.0
1.0,12.0,1.0,9.0,3124.0,1.0,0.0,4.0,0.0,4.0,1.0,1.0,1.0,1.0,1.0,2.0,2.0,0.0,0.0,0.0,1.0
1.0,48.0,1.0,9.0,3496.0,1.0,0.0,4.0,0.0,1.0,2.0,0.0,2.0,1.0,1.0,2.0,1.0,0.0,0.0,1.0,1.0
2.0,1.0,2.0,2.0,18210.0,2.0,1.0,1.0,1.0,2.0,1.0,1.0,2.0,2.0,2.0,3.0,2.0,0.0,1.0,1.0,1.0
1.0,12.0,1.0,0.0,2670.0,1.0,0.0,2.0,0.0,1.0,0.0,1.0,2.0,1.0,1.0,2.0,2.0,1.0,0.0,1.0,0.0
1.0,18.0,1.0,4.0,3394.0,1.0,2.0,4.0,2.0,4.0,2.0,0.0,2.0,0.0,1.0,3.0,1.0,0.0,0.0,0.0,0.0
2.0,24.0,2.0,0.0,1371.0,1.0,1.0,4.0,0.0,4.0,3.0,1.0,2.0,2.0,2.0,2.0,1.0,0.0,0.0,1.0,1.0
2.0,24.0,1.0,4.0,2753.0,1.0,0.0,4.0,0.0,4.0,2.0,1.0,2.0,1.0,1.0,2.0,1.0,0.0,0.0,1.0,1.0
1.0,24.0,1.0,4.0,1168.0,1.0,0.0,4.0,0.0,4.0,0.0,0.0,2.0,1.0,1.0,2.0,1.0,0.0,0.0,0.0,1.0
1.0,1.0,1.0,9.0,14896.0,2.0,0.0,1.0,1.0,1.0,2.0,1.0,0.0,1.0,1.0,3.0,1.0,0.0,0.0,1.0,1.0
0.0,3.0,2.0,4.0,1895.0,2.0,2.0,2.0,1.0,1.0,0.0,0.0,2.0,1.0,4.0,3.0,1.0,0.0,1.0,1.0,0.0
1.0,24.0,1.0,0.0,5248.0,1.0,0.0,4.0,0.0,2.0,1.0,0.0,2.0,1.0,1.0,2.0,1.0,0.0,0.0,1.0,0.0
2.0,0.0,2.0,9.0,17385.0,2.0,2.0,1.0,2.0,4.0,2.0,0.0,2.0,2.0,1.0,0.0,1.0,1.0,1.0,1.0,0.0
1.0,18.0,1.0,0.0,1258.0,1.0,0.0,4.0,0.0,4.0,0.0,0.0,2.0,1.0,1.0,2.0,1.0,0.0,0.0,1.0,0.0
1.0,12.0,1.0,0.0,4796.0,1.0,0.0,1.0,0.0,2.0,0.0,1.0,1.0,1.0,2.0,2.0,1.0,0.0,0.0,1.0,1.0
2.0,30.0,2.0,4.0,2748.0,2.0,1.0,3.0,0.0,2.0,1.0,1.0,2.0,1.0,2.0,2.0,1.0,1.0,0.0,1.0,1.0
1.0,24.0,2.0,0.0,1138.0,1.0,1.0,4.0,0.0,2.0,2.0,1.0,2.0,1.0,2.0,2.0,1.0,0.0,0.0,1.0,1.0
1.0,6.0,1.0,0.0,1338.0,1.0,1.0,4.0,0.0,2.0,0.0,1.0,2.0,1.0,1.0,1.0,2.0,0.0,0.0,1.0,1.0
2.0,24.0,2.0,0.0,14179.0,1.0,1.0,2.0,0.0,2.0,1.0,1.0,2.0,1.0,1.0,2.0,2.0,1.0,0.0,1.0,1.0
0.0,3.0,0.0,0.0,4299.0,0.0,0.0,1.0,2.0,4.0,0.0,0.0,0.0,0.0,1.0,0.0,2.0,0.0,0.0,0.0,0.0
1.0,36.0,1.0,4.0,7763.0,1.0,1.0,3.0,0.0,4.0,2.0,1.0,0.0,0.0,1.0,2.0,1.0,0.0,0.0,1.0,0.0
2.0,0.0,2.0,9.0,19401.0,2.0,2.0,1.0,2.0,2.0,0.0,0.0,2.0,2.0,4.0,3.0,2.0,1.0,1.0,1.0,0.0
2.0,12.0,2.0,4.0,895.0,1.0,1.0,4.0,0.0,4.0,0.0,0.0,2.0,1.0,2.0,2.0,2.0,0.0,0.0,1.0,0.0
2.0,12.0,1.0,4.0,8386.0,2.0,1.0,4.0,0.0,4.0,1.0,0.0,2.0,1.0,1.0,2.0,1.0,1.0,0.0,1.0,1.0
2.0,12.0,1.0,9.0,1409.0,1.0,1.0,1.0,0.0,2.0,0.0,1.0,2.0,1.0,1.0,2.0,1.0,0.0,0.0,1.0,1.0
2.0,24.0,2.0,8.0,1379.0,1.0,1.0,4.0,0.0,2.0,2.0,1.0,2.0,1.0,2.0,2.0,1.0,1.0,0.0,1.0,1.0
2.0,15.0,2.0,4.0,2515.0,1.0,2.0,4.0,0.0,2.0,0.0,1.0,2.0,1.0,2.0,2.0,1.0,0.0,0.0,0.0,1.0
1.0,42.0,2.0,4.0,5248.0,1.0,0.0,1.0,2.0,4.0,0.0,0.0,2.0,1.0,2.0,1.0,2.0,0.0,0.0,0.0,0.0
1.0,12.0,1.0,0.0,741.0,1.0,0.0,4.0,0.0,1.0,0.0,1.0,2.0,1.0,1.0,2.0,1.0,0.0,0.0,1.0,1.0
1.0,12.0,2.0,0.0,741.0,1.0,0.0,3.0,0.0,1.0,1.0,1.0,2.0,1.0,2.0,1.0,1.0,0.0,0.0,1.0,0.0
1.0,6.0,1.0,0.0,609.0,1.0,0.0,3.0,0.0,1.0,2.0,0.0,2.0,1.0,1.0,2.0,1.0,0.0,0.0,0.0,1.0
1.0,42.0,1.0,4.0,1520.0,1.0,0.0,4.0,0.0,4.0,3.0,1.0,2.0,1.0,1.0,2.0,1.0,1.0,0.0,1.0,1.0
2.0,0.0,2.0,9.0,17400.0,2.0,2.0,1.0,2.0,1.0,0.0,1.0,0.0,2.0,4.0,3.0,1.0,1.0,1.0,1.0,1.0
2.0,0.0,2.0,7.0,15308.0,2.0,2.0,1.0,2.0,1.0,0.0,1.0,2.0,0.0,4.0,3.0,1.0,1.0,1.0,0.0,1.0
1.0,12.0,1.0,4.0,1755.0,1.0,0.0,4.0,0.0,2.0,2.0,1.0,2.0,1.0,1.0,2.0,1.0,0.0,0.0,1.0,0.0
2.0,18.0,0.0,7.0,7174.0,1.0,0.0,4.0,0.0,1.0,1.0,1.0,0.0,2.0,2.0,0.0,2.0,1.0,0.0,0.0,1.0
1.0,15.0,2.0,4.0,1316.0,1.0,0.0,4.0,0.0,2.0,2.0,1.0,2.0,1.0,2.0,3.0,1.0,1.0,0.0,1.0,1.0
2.0,36.0,0.0,0.0,2069.0,1.0,1.0,4.0,0.0,4.0,2.0,1.0,2.0,1.0,1.0,2.0,1.0,0.0,0.0,1.0,1.0
2.0,12.0,1.0,4.0,976.0,1.0,0.0,4.0,0.0,2.0,0.0,1.0,2.0,1.0,1.0,2.0,1.0,0.0,0.0,1.0,1.0
2.0,24.0,2.0,1.0,7409.0,1.0,1.0,3.0,0.0,4.0,3.0,1.0,2.0,2.0,2.0,3.0,1.0,1.0,0.0,1.0,1.0
1.0,30.0,1.0,4.0,3590.0,1.0,2.0,2.0,0.0,4.0,1.0,1.0,2.0,1.0,1.0,3.0,1.0,0.0,0.0,1.0,0.0
1.0,12.0,1.0,4.0,888.0,1.0,0.0,4.0,0.0,2.0,1.0,1.0,0.0,1.0,1.0,1.0,1.0,0.0,0.0,1.0,1.0
1.0,24.0,1.0,4.0,1376.0,1.0,0.0,4.0,0.0,4.0,2.0,1.0,2.0,1.0,1.0,2.0,1.0,1.0,0.0,1.0,1.0
1.0,30.0,1.0,4.0,2333.0,1.0,1.0,2.0,0.0,4.0,2.0,1.0,2.0,1.0,1.0,2.0,1.0,0.0,0.0,1.0,1.0
1.0,12.0,1.0,4.0,951.0,1.0,0.0,4.0,0.0,2.0,2.0,1.0,2.0,1.0,1.0,2.0,1.0,0.0,0.0,1.0,0.0
0.0,42.0,2.0,5.0,13376.0,0.0,2.0,3.0,2.0,4.0,0.0,0.0,2.0,2.0,2.0,0.0,1.0,1.0,0.0,0.0,0.0
2.0,0.0,2.0,9.0,18100.0,2.0,2.0,1.0,2.0,1.0,0.0,1.0,2.0,2.0,4.0,3.0,1.0,1.0,1.0,1.0,1.0
1.0,12.0,1.0,3.0,1101.0,1.0,0.0,2.0,0.0,1.0,2.0,0.0,2.0,1.0,1.0,2.0,1.0,0.0,0.0,1.0,0.0
1.0,0.0,1.0,9.0,12400.0,2.0,2.0,1.0,2.0,1.0,0.0,1.0,2.0,1.0,4.0,1.0,1.0,1.0,1.0,1.0,1.0
1.0,18.0,1.0,0.0,1360.0,1.0,1.0,2.0,0.0,3.0,1.0,1.0,2.0,0.0,1.0,2.0,1.0,0.0,0.0,0.0,1.0
0.0,0.0,1.0,0.0,7279.0,1.0,0.0,1.0,1.0,4.0,1.0,0.0,0.0,1.0,1.0,0.0,2.0,1.0,0.0,0.0,0.0
1.0,36.0,1.0,7.0,4583.0,1.0,1.0,3.0,0.0,4.0,1.0,1.0,2.0,1.0,1.0,2.0,1.0,0.0,0.0,1.0,1.0
2.0,0.0,2.0,9.0,17204.0,2.0,2.0,3.0,2.0,4.0,1.0,0.0,2.0,2.0,4.0,3.0,1.0,1.0,1.0,1.0,0.0
2.0,30.0,1.0,1.0,8648.0,0.0,0.0,2.0,0.0,3.0,1.0,0.0,2.0,1.0,1.0,2.0,1.0,1.0,0.0,0.0,1.0
1.0,2.0,1.0,0.0,19300.0,1.0,0.0,2.0,0.0,1.0,0.0,0.0,2.0,1.0,2.0,0.0,1.0,0.0,0.0,1.0,0.0
1.0,12.0,1.0,3.0,2247.0,2.0,1.0,3.0,0.0,1.0,0.0,1.0,2.0,1.0,1.0,0.0,1.0,0.0,0.0,0.0,0.0
2.0,12.0,1.0,3.0,1680.0,1.0,0.0,4.0,0.0,3.0,2.0,1.0,2.0,0.0,1.0,1.0,1.0,0.0,0.0,1.0,1.0
1.0,24.0,2.0,4.0,1957.0,1.0,1.0,2.0,0.0,4.0,1.0,1.0,2.0,1.0,3.0,2.0,1.0,1.0,0.0,1.0,1.0
1.0,36.0,1.0,3.0,3532.0,1.0,1.0,3.0,0.0,3.0,2.0,1.0,2.0,0.0,1.0,2.0,1.0,0.0,0.0,0.0,1.0
2.0,5.0,0.0,9.0,1699.0,2.0,2.0,1.0,2.0,1.0,1.0,1.0,2.0,2.0,4.0,3.0,1.0,1.0,1.0,0.0,1.0
1.0,12.0,1.0,0.0,1049.0,1.0,1.0,4.0,0.0,4.0,1.0,1.0,2.0,1.0,1.0,2.0,1.0,1.0,0.0,1.0,0.0
2.0,12.0,1.0,3.0,4744.0,1.0,1.0,4.0,0.0,4.0,0.0,1.0,2.0,1.0,1.0,2.0,1.0,1.0,1.0,1.0,1.0
1.0,48.0,1.0,9.0,5381.0,1.0,0.0,4.0,0.0,4.0,0.0,1.0,2.0,1.0,1.0,2.0,1.0,0.0,0.0,1.0,1.0
0.0,1.0,0.0,0.0,17700.0,0.0,0.0,2.0,0.0,1.0,1.0,1.0,0.0,0.0,1.0,0.0,1.0,0.0,0.0,0.0,1.0
1.0,12.0,1.0,3.0,1567.0,1.0,0.0,4.0,0.0,1.0,2.0,1.0,2.0,1.0,1.0,1.0,1.0,0.0,0.0,1.0,0.0
0.0,0.0,2.0,7.0,12749.0,2.0,2.0,4.0,1.0,4.0,0.0,1.0,0.0,2.0,4.0,3.0,2.0,1.0,1.0,1.0,1.0
1.0,12.0,1.0,0.0,1287.0,1.0,0.0,3.0,0.0,4.0,0.0,0.0,2.0,0.0,1.0,1.0,2.0,0.0,0.0,0.0,1.0
1.0,12.0,1.0,0.0,3029.0,2.0,1.0,4.0,0.0,3.0,2.0,0.0,2.0,1.0,1.0,1.0,1.0,1.0,0.0,1.0,0.0
2.0,24.0,1.0,3.0,2360.0,2.0,0.0,2.0,0.0,2.0,1.0,1.0,2.0,1.0,1.0,2.0,1.0,0.0,0.0,1.0,1.0
1.0,21.0,2.0,0.0,2386.0,1.0,0.0,1.0,0.0,2.0,0.0,1.0,2.0,1.0,2.0,2.0,2.0,0.0,0.0,0.0,0.0
1.0,45.0,1.0,9.0,590.0,1.0,1.0,4.0,0.0,4.0,0.0,1.0,2.0,1.0,1.0,2.0,1.0,0.0,0.0,1.0,0.0
1.0,0.0,0.0,9.0,13000.0,1.0,2.0,1.0,1.0,4.0,0.0,0.0,2.0,2.0,1.0,0.0,1.0,1.0,0.0,0.0,0.0
1.0,18.0,1.0,3.0,2238.0,1.0,0.0,1.0,0.0,4.0,3.0,0.0,2.0,2.0,1.0,1.0,1.0,0.0,0.0,0.0,0.0
1.0,12.0,2.0,0.0,7088.0,0.0,0.0,2.0,0.0,3.0,1.0,1.0,0.0,1.0,2.0,0.0,1.0,1.0,0.0,1.0,1.0
2.0,6.0,1.0,4.0,454.0,0.0,0.0,2.0,0.0,1.0,2.0,1.0,2.0,1.0,1.0,2.0,1.0,0.0,0.0,1.0,1.0
2.0,9.0,1.0,0.0,745.0,1.0,0.0,4.0,0.0,1.0,1.0,1.0,0.0,0.0,1.0,2.0,1.0,0.0,0.0,0.0,1.0
1.0,36.0,1.0,0.0,3835.0,2.0,0.0,2.0,0.0,2.0,0.0,1.0,2.0,1.0,1.0,2.0,1.0,1.0,0.0,1.0,1.0
1.0,9.0,1.0,3.0,3195.0,1.0,0.0,2.0,0.0,2.0,1.0,0.0,2.0,1.0,1.0,2.0,1.0,0.0,0.0,0.0,0.0
0.0,9.0,1.0,0.0,7088.0,0.0,0.0,2.0,0.0,3.0,2.0,0.0,0.0,1.0,1.0,2.0,1.0,0.0,0.0,1.0,0.0
1.0,14.0,1.0,0.0,3123.0,0.0,0.0,3.0,0.0,2.0,0.0,0.0,2.0,1.0,2.0,2.0,1.0,0.0,1.0,0.0,0.0
1.0,12.0,2.0,4.0,1203.0,1.0,0.0,4.0,0.0,3.0,0.0,1.0,2.0,0.0,1.0,2.0,1.0,0.0,0.0,1.0,0.0
2.0,24.0,1.0,4.0,1559.0,1.0,0.0,4.0,0.0,4.0,2.0,1.0,2.0,1.0,1.0,2.0,1.0,0.0,0.0,1.0,1.0
1.0,24.0,0.0,4.0,5998.0,1.0,0.0,1.0,0.0,2.0,2.0,1.0,1.0,1.0,1.0,3.0,1.0,1.0,0.0,1.0,1.0
1.0,18.0,1.0,6.0,3149.0,2.0,0.0,1.0,0.0,2.0,2.0,1.0,2.0,1.0,1.0,2.0,1.0,1.0,0.0,1.0,0.0
2.0,36.0,2.0,3.0,3077.0,2.0,1.0,4.0,0.0,2.0,2.0,1.0,2.0,1.0,2.0,3.0,1.0,1.0,0.0,1.0,1.0
1.0,12.0,2.0,4.0,1409.0,0.0,0.0,4.0,0.0,4.0,2.0,1.0,2.0,1.0,1.0,1.0,1.0,0.0,0.0,1.0,1.0
0.0,13.0,1.0,0.0,1331.0,2.0,0.0,1.0,2.0,1.0,0.0,1.0,2.0,2.0,1.0,3.0,1.0,1.0,1.0,0.0,1.0
1.0,24.0,1.0,3.0,1543.0,1.0,2.0,4.0,0.0,3.0,2.0,1.0,2.0,1.0,1.0,3.0,1.0,1.0,0.0,0.0,1.0
2.0,24.0,1.0,0.0,2073.0,2.0,0.0,4.0,0.0,1.0,1.0,1.0,0.0,1.0,1.0,2.0,1.0,0.0,0.0,1.0,1.0
1.0,18.0,1.0,3.0,1480.0,0.0,0.0,4.0,1.0,1.0,0.0,1.0,2.0,1.0,1.0,1.0,1.0,0.0,0.0,1.0,0.0
2.0,0.0,2.0,8.0,14741.0,0.0,1.0,2.0,1.0,1.0,2.0,0.0,0.0,0.0,4.0,3.0,1.0,1.0,1.0,1.0,0.0
1.0,2.0,2.0,0.0,16599.0,2.0,2.0,1.0,0.0,4.0,0.0,0.0,2.0,0.0,1.0,2.0,2.0,0.0,1.0,0.0,0.0
2.0,11.0,1.0,4.0,1164.0,2.0,2.0,3.0,0.0,1.0,3.0,1.0,2.0,2.0,1.0,3.0,1.0,1.0,0.0,1.0,1.0
2.0,24.0,1.0,4.0,2892.0,2.0,0.0,3.0,0.0,4.0,2.0,1.0,2.0,1.0,1.0,2.0,1.0,0.0,0.0,0.0,1.0
1.0,6.0,1.0,7.0,11641.0,1.0,1.0,1.0,0.0,2.0,1.0,1.0,2.0,1.0,2.0,2.0,1.0,0.0,0.0,1.0,0.0
1.0,6.0,2.0,7.0,1382.0,2.0,1.0,2.0,0.0,4.0,1.0,1.0,2.0,1.0,2.0,2.0,2.0,1.0,0.0,1.0,0.0
1.0,36.0,1.0,1.0,4454.0,1.0,0.0,4.0,0.0,4.0,2.0,1.0,0.0,1.0,1.0,2.0,1.0,0.0,0.0,1.0,0.0
1.0,8.0,2.0,0.0,6199.0,2.0,0.0,1.0,0.0,4.0,2.0,0.0,0.0,0.0,4.0,0.0,1.0,1.0,0.0,1.0,0.0
1.0,12.0,1.0,4.0,3161.0,0.0,0.0,1.0,0.0,4.0,2.0,0.0,2.0,0.0,1.0,2.0,1.0,0.0,0.0,0.0,0.0
1.0,24.0,1.0,4.0,2063.0,1.0,0.0,4.0,0.0,4.0,1.0,1.0,2.0,1.0,1.0,1.0,1.0,1.0,0.0,1.0,0.0
1.0,12.0,1.0,0.0,766.0,2.0,1.0,4.0,0.0,4.0,3.0,1.0,0.0,1.0,1.0,2.0,1.0,1.0,0.0,1.0,1.0
2.0,6.0,1.0,0.0,1164.0,0.0,0.0,4.0,0.0,4.0,2.0,1.0,2.0,1.0,1.0,1.0,1.0,1.0,0.0,1.0,1.0
1.0,10.0,1.0,9.0,1542.0,1.0,0.0,2.0,0.0,2.0,2.0,1.0,2.0,1.0,1.0,2.0,2.0,1.0,0.0,1.0,1.0
1.0,80.0,2.0,1.0,4993.0,0.0,1.0,4.0,0.0,4.0,0.0,1.0,2.0,1.0,1.0,2.0,1.0,1.0,0.0,1.0,1.0
1.0,6.0,1.0,0.0,4699.0,1.0,0.0,1.0,0.0,1.0,2.0,1.0,0.0,1.0,1.0,0.0,1.0,0.0,0.0,0.0,1.0
2.0,0.0,1.0,9.0,16300.0,2.0,2.0,4.0,2.0,1.0,0.0,1.0,2.0,1.0,3.0,0.0,1.0,0.0,1.0,1.0,0.0
0.0,18.0,1.0,0.0,685.0,1.0,0.0,4.0,0.0,2.0,0.0,1.0,2.0,1.0,1.0,2.0,1.0,0.0,0.0,1.0,1.0
1.0,12.0,1.0,4.0,8072.0,1.0,0.0,4.0,0.0,2.0,0.0,1.0,2.0,0.0,1.0,1.0,1.0,0.0,0.0,0.0,1.0
0.0,12.0,1.0,1.0,629.0,1.0,0.0,4.0,0.0,2.0,3.0,1.0,2.0,2.0,1.0,2.0,1.0,0.0,0.0,1.0,1.0
2.0,30.0,2.0,0.0,6289.0,2.0,0.0,4.0,0.0,1.0,2.0,1.0,2.0,1.0,2.0,1.0,1.0,1.0,0.0,1.0,1.0
2.0,0.0,2.0,1.0,13799.0,1.0,2.0,1.0,0.0,4.0,0.0,1.0,2.0,2.0,4.0,0.0,2.0,1.0,1.0,1.0,1.0
1.0,0.0,2.0,9.0,16400.0,0.0,2.0,1.0,2.0,1.0,0.0,0.0,2.0,2.0,4.0,3.0,2.0,1.0,1.0,1.0,0.0
1.0,24.0,2.0,0.0,12071.0,2.0,0.0,4.0,0.0,2.0,0.0,1.0,0.0,1.0,1.0,2.0,1.0,1.0,0.0,1.0,0.0
2.0,12.0,2.0,2.0,717.0,1.0,1.0,4.0,0.0,3.0,0.0,1.0,2.0,1.0,1.0,2.0,1.0,0.0,0.0,1.0,1.0
1.0,39.0,1.0,1.0,3914.0,1.0,0.0,3.0,0.0,2.0,2.0,1.0,2.0,1.0,1.0,2.0,1.0,0.0,0.0,1.0,0.0
2.0,12.0,0.0,4.0,763.0,1.0,0.0,3.0,0.0,4.0,2.0,1.0,2.0,1.0,1.0,3.0,1.0,1.0,0.0,1.0,1.0
1.0,6.0,1.0,0.0,1338.0,1.0,0.0,1.0,0.0,1.0,0.0,0.0,2.0,0.0,1.0,1.0,1.0,0.0,0.0,1.0,0.0
1.0,18.0,1.0,0.0,1680.0,0.0,1.0,2.0,0.0,4.0,3.0,1.0,2.0,2.0,1.0,2.0,2.0,1.0,0.0,1.0,0.0
2.0,0.0,2.0,3.0,14149.0,2.0,2.0,1.0,0.0,2.0,0.0,0.0,2.0,0.0,4.0,3.0,1.0,1.0,1.0,1.0,0.0
1.0,36.0,1.0,9.0,2169.0,1.0,1.0,4.0,0.0,1.0,2.0,1.0,2.0,1.0,1.0,3.0,1.0,1.0,0.0,1.0,1.0
1.0,6.0,1.0,0.0,1316.0,2.0,1.0,3.0,0.0,2.0,3.0,1.0,2.0,2.0,2.0,2.0,1.0,0.0,0.0,1.0,1.0
0.0,0.0,0.0,0.0,19300.0,0.0,0.0,1.0,0.0,1.0,0.0,0.0,0.0,0.0,1.0,0.0,1.0,0.0,0.0,0.0,0.0
1.0,24.0,2.0,4.0,14179.0,1.0,1.0,4.0,0.0,4.0,3.0,1.0,2.0,2.0,2.0,3.0,1.0,1.0,0.0,0.0,1.0
1.0,10.0,1.0,4.0,2116.0,1.0,0.0,4.0,0.0,4.0,1.0,0.0,2.0,1.0,1.0,2.0,1.0,0.0,0.0,0.0,0.0
2.0,6.0,2.0,0.0,618.0,1.0,0.0,4.0,0.0,2.0,1.0,1.0,2.0,1.0,2.0,2.0,1.0,0.0,0.0,1.0,1.0
1.0,0.0,0.0,0.0,14300.0,0.0,0.0,1.0,0.0,1.0,0.0,0.0,0.0,0.0,1.0,0.0,1.0,0.0,1.0,0.0,0.0
2.0,18.0,2.0,4.0,1055.0,1.0,0.0,4.0,0.0,2.0,0.0,0.0,2.0,1.0,2.0,2.0,1.0,1.0,0.0,1.0,1.0
2.0,15.0,1.0,7.0,1221.0,1.0,0.0,4.0,0.0,3.0,1.0,0.0,2.0,0.0,1.0,2.0,1.0,0.0,0.0,0.0,1.0
2.0,0.0,0.0,9.0,14782.0,2.0,1.0,2.0,0.0,2.0,2.0,1.0,2.0,1.0,1.0,2.0,2.0,1.0,1.0,1.0,1.0
2.0,12.0,2.0,0.0,2247.0,1.0,0.0,2.0,0.0,2.0,0.0,1.0,2.0,1.0,2.0,1.0,2.0,0.0,0.0,1.0,1.0
2.0,36.0,1.0,9.0,15653.0,0.0,0.0,2.0,2.0,4.0,2.0,1.0,0.0,1.0,1.0,3.0,2.0,1.0,1.0,1.0,1.0
0.0,24.0,1.0,1.0,2424.0,1.0,1.0,4.0,0.0,3.0,2.0,1.0,2.0,1.0,1.0,2.0,1.0,0.0,0.0,1.0,1.0
1.0,12.0,2.0,3.0,6758.0,1.0,1.0,1.0,0.0,2.0,1.0,1.0,2.0,1.0,2.0,2.0,1.0,1.0,0.0,1.0,1.0
1.0,12.0,1.0,0.0,6761.0,0.0,0.0,4.0,0.0,4.0,0.0,0.0,2.0,0.0,1.0,2.0,2.0,0.0,0.0,0.0,1.0
2.0,12.0,2.0,3.0,1289.0,2.0,0.0,4.0,0.0,1.0,0.0,1.0,2.0,1.0,1.0,2.0,1.0,1.0,0.0,1.0,1.0
1.0,12.0,1.0,4.0,1414.0,1.0,2.0,1.0,1.0,4.0,0.0,1.0,2.0,2.0,1.0,3.0,2.0,1.0,1.0,0.0,1.0
1.0,6.0,1.0,0.0,1068.0,0.0,1.0,4.0,0.0,4.0,0.0,1.0,0.0,1.0,1.0,1.0,2.0,0.0,0.0,1.0,0.0
1.0,18.0,1.0,6.0,1098.0,1.0,0.0,4.0,0.0,2.0,2.0,1.0,2.0,1.0,1.0,2.0,1.0,0.0,0.0,1.0,1.0
1.0,24.0,1.0,0.0,1199.0,1.0,2.0,4.0,0.0,2.0,1.0,1.0,2.0,1.0,1.0,2.0,2.0,0.0,0.0,1.0,1.0
1.0,24.0,2.0,1.0,5771.0,1.0,1.0,4.0,0.0,2.0,2.0,0.0,2.0,1.0,1.0,2.0,1.0,0.0,0.0,1.0,0.0
0.0,16.0,1.0,1.0,10199.0,0.0,2.0,1.0,2.0,4.0,0.0,1.0,0.0,0.0,1.0,0.0,2.0,1.0,1.0,0.0,1.0
2.0,2.0,1.0,9.0,14512.0,1.0,2.0,4.0,2.0,3.0,0.0,1.0,2.0,2.0,4.0,3.0,2.0,0.0,1.0,1.0,1.0
1.0,6.0,1.0,4.0,1603.0,1.0,0.0,4.0,0.0,4.0,0.0,1.0,2.0,1.0,1.0,2.0,1.0,0.0,0.0,1.0,0.0
2.0,30.0,2.0,0.0,4153.0,1.0,1.0,1.0,0.0,4.0,0.0,1.0,2.0,1.0,2.0,1.0,1.0,0.0,0.0,1.0,1.0
2.0,24.0,1.0,4.0,1203.0,2.0,1.0,4.0,0.0,3.0,3.0,1.0,0.0,2.0,1.0,3.0,1.0,0.0,0.0,1.0,1.0
2.0,24.0,0.0,7.0,3835.0,1.0,1.0,3.0,0.0,4.0,3.0,1.0,2.0,2.0,2.0,3.0,2.0,0.0,0.0,1.0,1.0
2.0,9.0,1.0,0.0,1136.0,0.0,1.0,2.0,0.0,3.0,2.0,1.0,2.0,1.0,1.0,1.0,1.0,1.0,0.0,1.0,1.0
0.0,0.0,0.0,0.0,2600.0,0.0,0.0,1.0,0.0,1.0,0.0,0.0,0.0,1.0,1.0,0.0,1.0,0.0,0.0,0.0,0.0
2.0,24.0,1.0,3.0,3059.0,1.0,0.0,1.0,0.0,3.0,0.0,0.0,2.0,0.0,1.0,2.0,1.0,0.0,0.0,0.0,1.0
1.0,12.0,1.0,3.0,1512.0,1.0,1.0,3.0,0.0,4.0,2.0,0.0,2.0,1.0,1.0,2.0,1.0,0.0,0.0,1.0,0.0
2.0,9.0,1.0,4.0,2118.0,1.0,1.0,2.0,0.0,4.0,1.0,1.0,2.0,1.0,2.0,2.0,1.0,0.0,0.0,1.0,1.0
2.0,0.0,0.0,5.0,11834.0,1.0,2.0,1.0,2.0,3.0,0.0,0.0,0.0,2.0,3.0,1.0,1.0,1.0,1.0,1.0,0.0
1.0,22.0,2.0,2.0,2386.0,1.0,1.0,3.0,0.0,2.0,2.0,1.0,0.0,1.0,2.0,1.0,2.0,0.0,0.0,1.0,1.0
2.0,12.0,1.0,4.0,1371.0,1.0,0.0,2.0,0.0,4.0,2.0,1.0,2.0,1.0,1.0,2.0,1.0,0.0,0.0,0.0,1.0
2.0,0.0,0.0,9.0,6300.0,2.0,2.0,2.0,2.0,1.0,0.0,0.0,2.0,2.0,4.0,0.0,1.0,1.0,1.0,1.0,0.0
2.0,0.0,2.0,7.0,16655.0,2.0,2.0,2.0,2.0,2.0,1.0,0.0,2.0,2.0,1.0,0.0,1.0,1.0,1.0,1.0,0.0
0.0,3.0,2.0,0.0,3599.0,2.0,1.0,1.0,0.0,1.0,0.0,0.0,0.0,0.0,1.0,0.0,2.0,1.0,0.0,0.0,0.0
1.0,24.0,1.0,4.0,3485.0,1.0,0.0,3.0,0.0,3.0,0.0,1.0,2.0,1.0,1.0,2.0,1.0,1.0,0.0,1.0,0.0
2.0,12.0,1.0,4.0,930.0,0.0,1.0,4.0,0.0,1.0,2.0,1.0,2.0,1.0,1.0,2.0,1.0,0.0,0.0,1.0,0.0
1.0,48.0,1.0,4.0,10222.0,2.0,2.0,4.0,0.0,2.0,2.0,1.0,2.0,1.0,1.0,2.0,1.0,0.0,0.0,1.0,1.0
1.0,30.0,2.0,0.0,3949.0,1.0,0.0,2.0,0.0,2.0,3.0,1.0,2.0,0.0,2.0,1.0,1.0,1.0,0.0,1.0,1.0
2.0,12.0,1.0,7.0,2507.0,1.0,0.0,2.0,0.0,4.0,1.0,1.0,2.0,1.0,1.0,1.0,2.0,0.0,0.0,0.0,1.0
2.0,12.0,1.0,0.0,1199.0,1.0,0.0,1.0,0.0,2.0,1.0,1.0,2.0,1.0,1.0,2.0,1.0,0.0,0.0,1.0,1.0
2.0,36.0,2.0,4.0,5234.0,2.0,1.0,4.0,0.0,2.0,2.0,1.0,2.0,1.0,2.0,2.0,1.0,1.0,0.0,1.0,1.0
1.0,48.0,1.0,4.0,5293.0,1.0,1.0,2.0,0.0,4.0,1.0,1.0,2.0,1.0,1.0,2.0,1.0,0.0,0.0,1.0,1.0
2.0,0.0,2.0,0.0,20000.0,0.0,0.0,1.0,0.0,1.0,0.0,1.0,1.0,0.0,1.0,0.0,1.0,1.0,0.0,0.0,1.0
1.0,12.0,1.0,4.0,754.0,1.0,1.0,4.0,0.0,1.0,0.0,1.0,2.0,1.0,1.0,2.0,1.0,0.0,0.0,1.0,1.0
1.0,15.0,0.0,3.0,1766.0,2.0,0.0,3.0,0.0,4.0,2.0,1.0,2.0,0.0,1.0,2.0,1.0,0.0,0.0,1.0,0.0
1.0,30.0,1.0,0.0,571.0,2.0,1.0,4.0,0.0,4.0,2.0,1.0,2.0,2.0,1.0,3.0,1.0,0.0,0.0,1.0,1.0
1.0,12.0,1.0,4.0,1282.0,1.0,0.0,4.0,0.0,4.0,3.0,1.0,2.0,2.0,1.0,1.0,1.0,0.0,0.0,0.0,1.0
1.0,30.0,1.0,0.0,2221.0,1.0,1.0,4.0,0.0,3.0,2.0,0.0,2.0,1.0,1.0,2.0,1.0,0.0,0.0,1.0,0.0
2.0,48.0,2.0,4.0,937.0,1.0,1.0,4.0,0.0,4.0,3.0,1.0,2.0,2.0,2.0,2.0,1.0,1.0,0.0,0.0,1.0
2.0,24.0,1.0,9.0,6313.0,0.0,1.0,4.0,0.0,3.0,2.0,1.0,2.0,1.0,1.0,2.0,1.0,0.0,0.0,1.0,1.0
2.0,2.0,2.0,8.0,19031.0,1.0,2.0,1.0,1.0,2.0,0.0,0.0,2.0,2.0,4.0,3.0,2.0,1.0,1.0,1.0,0.0
1.0,24.0,1.0,0.0,7678.0,1.0,1.0,1.0,0.0,2.0,3.0,1.0,2.0,1.0,1.0,2.0,2.0,0.0,0.0,1.0,1.0
1.0,15.0,1.0,3.0,1442.0,1.0,0.0,2.0,0.0,4.0,0.0,1.0,2.0,1.0,1.0,2.0,1.0,0.0,0.0,0.0,0.0
1.0,9.0,2.0,4.0,1701.0,1.0,0.0,4.0,0.0,2.0,1.0,1.0,2.0,0.0,2.0,1.0,1.0,0.0,0.0,0.0,1.0
1.0,24.0,1.0,0.0,2255.0,1.0,1.0,4.0,0.0,1.0,2.0,1.0,2.0,1.0,1.0,2.0,1.0,0.0,0.0,1.0,0.0
2.0,24.0,2.0,4.0,1237.0,1.0,1.0,4.0,0.0,4.0,1.0,1.0,2.0,1.0,2.0,3.0,1.0,1.0,0.0,1.0,1.0
0.0,0.0,2.0,3.0,20000.0,0.0,2.0,1.0,0.0,1.0,0.0,0.0,0.0,0.0,4.0,0.0,1.0,0.0,0.0,0.0,0.0
2.0,0.0,2.0,9.0,14200.0,0.0,2.0,1.0,2.0,1.0,0.0,1.0,2.0,2.0,4.0,3.0,1.0,1.0,1.0,0.0,1.0
1.0,15.0,0.0,4.0,2515.0,1.0,2.0,2.0,0.0,2.0,1.0,1.0,2.0,1.0,2.0,2.0,2.0,1.0,0.0,1.0,1.0
0.0,2.0,1.0,0.0,8808.0,0.0,0.0,2.0,1.0,4.0,2.0,1.0,2.0,0.0,1.0,0.0,1.0,0.0,0.0,0.0,1.0
2.0,0.0,2.0,9.0,17500.0,2.0,2.0,1.0,2.0,1.0,0.0,1.0,2.0,2.0,4.0,0.0,1.0,1.0,1.0,1.0,1.0
2.0,24.0,1.0,0.0,1201.0,1.0,1.0,4.0,0.0,2.0,3.0,1.0,2.0,2.0,1.0,2.0,1.0,1.0,0.0,1.0,1.0
0.0,0.0,0.0,0.0,3400.0,0.0,0.0,1.0,0.0,1.0,0.0,0.0,0.0,0.0,1.0,0.0,1.0,1.0,0.0,0.0,0.0
1.0,4.0,1.0,4.0,1097.0,1.0,0.0,4.0,0.0,3.0,0.0,1.0,2.0,0.0,1.0,2.0,1.0,0.0,0.0,1.0,1.0
1.0,24.0,1.0,0.0,1123.0,1.0,2.0,4.0,0.0,4.0,0.0,1.0,2.0,1.0,1.0,3.0,1.0,1.0,0.0,1.0,1.0
1.0,24.0,1.0,3.0,1258.0,1.0,1.0,3.0,0.0,2.0,3.0,1.0,2.0,2.0,1.0,2.0,1.0,1.0,0.0,0.0,1.0
2.0,15.0,1.0,0.0,2687.0,1.0,0.0,4.0,0.0,2.0,2.0,1.0,2.0,0.0,1.0,2.0,1.0,1.0,0.0,0.0,1.0
0.0,12.0,2.0,0.0,996.0,0.0,2.0,2.0,0.0,2.0,1.0,0.0,0.0,0.0,4.0,0.0,1.0,0.0,1.0,0.0,0.0
2.0,1.0,2.0,9.0,3100.0,0.0,1.0,1.0,0.0,1.0,0.0,0.0,2.0,0.0,4.0,2.0,1.0,1.0,0.0,0.0,0.0
2.0,36.0,2.0,4.0,2249.0,1.0,0.0,4.0,0.0,2.0,0.0,1.0,2.0,1.0,2.0,2.0,1.0,0.0,0.0,1.0,1.0
0.0,1.0,0.0,0.0,19500.0,2.0,0.0,3.0,0.0,1.0,0.0,1.0,0.0,0.0,1.0,0.0,1.0,0.0,0.0,0.0,1.0
1.0,18.0,2.0,0.0,2515.0,1.0,0.0,1.0,0.0,2.0,2.0,1.0,2.0,1.0,2.0,2.0,1.0,0.0,0.0,1.0,1.0
0.0,0.0,2.0,9.0,10523.0,0.0,2.0,1.0,2.0,2.0,1.0,1.0,0.0,1.0,4.0,3.0,1.0,1.0,1.0,1.0,1.0
2.0,12.0,1.0,3.0,1655.0,1.0,0.0,2.0,0.0,4.0,1.0,1.0,2.0,1.0,2.0,2.0,1.0,1.0,0.0,1.0,1.0
1.0,24.0,1.0,0.0,1743.0,1.0,1.0,4.0,0.0,3.0,2.0,1.0,2.0,1.0,1.0,2.0,1.0,1.0,0.0,1.0,1.0
2.0,48.0,1.0,4.0,6761.0,1.0,1.0,4.0,0.0,2.0,2.0,1.0,2.0,1.0,1.0,2.0,1.0,0.0,0.0,1.0,1.0
2.0,9.0,1.0,4.0,1237.0,1.0,0.0,4.0,0.0,1.0,0.0,0.0,2.0,1.0,1.0,1.0,1.0,0.0,0.0,0.0,0.0
2.0,42.0,1.0,9.0,5804.0,1.0,1.0,4.0,0.0,2.0,2.0,0.0,2.0,1.0,2.0,1.0,1.0,0.0,0.0,1.0,0.0
2.0,24.0,1.0,9.0,1858.0,2.0,1.0,4.0,0.0,2.0,2.0,1.0,2.0,1.0,1.0,2.0,1.0,1.0,0.0,1.0,1.0
1.0,12.0,1.0,3.0,6761.0,2.0,1.0,4.0,0.0,2.0,1.0,1.0,2.0,1.0,1.0,2.0,1.0,0.0,0.0,1.0,1.0
2.0,2.0,2.0,9.0,111.0,2.0,1.0,2.0,1.0,4.0,0.0,0.0,2.0,1.0,4.0,2.0,1.0,0.0,1.0,1.0,0.0
2.0,48.0,2.0,4.0,3031.0,1.0,0.0,4.0,0.0,3.0,2.0,1.0,0.0,1.0,2.0,2.0,1.0,0.0,0.0,0.0,1.0
1.0,12.0,1.0,9.0,1209.0,1.0,0.0,3.0,0.0,2.0,1.0,1.0,2.0,1.0,1.0,2.0,1.0,0.0,0.0,0.0,1.0
1.0,48.0,1.0,1.0,3959.0,1.0,0.0,3.0,0.0,1.0,2.0,0.0,2.0,1.0,2.0,2.0,1.0,1.0,0.0,1.0,0.0
2.0,0.0,2.0,9.0,17956.0,2.0,2.0,1.0,1.0,4.0,0.0,1.0,2.0,2.0,3.0,3.0,1.0,1.0,1.0,1.0,1.0
0.0,3.0,2.0,9.0,8999.0,0.0,2.0,4.0,2.0,4.0,0.0,0.0,0.0,2.0,4.0,3.0,1.0,1.0,0.0,1.0,0.0
0.0,0.0,2.0,4.0,10300.0,1.0,2.0,1.0,0.0,1.0,1.0,1.0,2.0,2.0,4.0,3.0,2.0,1.0,0.0,0.0,1.0
1.0,18.0,1.0,5.0,1231.0,1.0,0.0,4.0,0.0,1.0,0.0,0.0,2.0,0.0,1.0,1.0,1.0,0.0,0.0,0.0,0.0
1.0,12.0,1.0,4.0,2136.0,1.0,0.0,4.0,0.0,2.0,1.0,1.0,2.0,1.0,1.0,2.0,1.0,0.0,0.0,1.0,0.0
2.0,36.0,1.0,4.0,4463.0,1.0,1.0,1.0,0.0,4.0,3.0,1.0,2.0,2.0,1.0,2.0,1.0,1.0,0.0,1.0,1.0
1.0,48.0,0.0,4.0,1245.0,1.0,0.0,4.0,0.0,2.0,2.0,1.0,2.0,1.0,2.0,2.0,1.0,1.0,0.0,1.0,1.0
1.0,24.0,2.0,1.0,4151.0,1.0,1.0,3.0,0.0,4.0,0.0,1.0,2.0,1.0,2.0,2.0,2.0,0.0,0.0,1.0,1.0
1.0,12.0,1.0,0.0,1295.0,1.0,0.0,4.0,0.0,1.0,1.0,1.0,2.0,1.0,1.0,2.0,1.0,0.0,0.0,0.0,1.0
2.0,12.0,1.0,1.0,2328.0,0.0,0.0,1.0,0.0,4.0,0.0,1.0,2.0,1.0,1.0,2.0,1.0,1.0,0.0,1.0,1.0
1.0,24.0,1.0,7.0,1582.0,1.0,0.0,4.0,0.0,4.0,2.0,1.0,2.0,1.0,1.0,2.0,1.0,0.0,0.0,1.0,1.0
0.0,0.0,0.0,0.0,2500.0,0.0,0.0,2.0,0.0,4.0,0.0,1.0,0.0,0.0,1.0,0.0,1.0,1.0,0.0,0.0,0.0
2.0,15.0,0.0,1.0,1360.0,1.0,0.0,4.0,0.0,2.0,0.0,1.0,2.0,1.0,1.0,2.0,1.0,1.0,0.0,1.0,1.0
0.0,7.0,1.0,4.0,796.0,2.0,0.0,2.0,2.0,4.0,0.0,0.0,2.0,1.0,4.0,2.0,1.0,0.0,0.0,0.0,0.0
1.0,48.0,1.0,0.0,3959.0,1.0,0.0,2.0,0.0,4.0,3.0,1.0,2.0,2.0,1.0,3.0,1.0,1.0,0.0,1.0,1.0
0.0,3.0,0.0,0.0,3999.0,0.0,0.0,2.0,0.0,1.0,0.0,1.0,0.0,0.0,1.0,0.0,1.0,0.0,0.0,0.0,1.0
1.0,24.0,0.0,0.0,8072.0,1.0,1.0,4.0,0.0,4.0,2.0,1.0,0.0,1.0,1.0,2.0,1.0,0.0,0.0,1.0,0.0
1.0,12.0,1.0,0.0,926.0,1.0,0.0,4.0,0.0,3.0,0.0,0.0,2.0,1.0,1.0,1.0,1.0,0.0,0.0,1.0,1.0
2.0,24.0,2.0,0.0,1344.0,0.0,0.0,4.0,0.0,2.0,1.0,1.0,2.0,1.0,2.0,1.0,2.0,1.0,0.0,1.0,1.0
1.0,24.0,2.0,3.0,6468.0,0.0,0.0,1.0,0.0,4.0,2.0,0.0,2.0,0.0,2.0,2.0,1.0,0.0,0.0,0.0,0.0
0.0,2.0,0.0,0.0,17700.0,0.0,0.0,4.0,0.0,1.0,2.0,1.0,0.0,0.0,1.0,0.0,1.0,0.0,0.0,0.0,1.0
1.0,12.0,1.0,9.0,709.0,1.0,0.0,4.0,1.0,4.0,0.0,1.0,2.0,0.0,1.0,1.0,1.0,0.0,0.0,0.0,1.0
2.0,24.0,2.0,4.0,2799.0,1.0,0.0,3.0,0.0,4.0,1.0,1.0,2.0,1.0,2.0,2.0,1.0,1.0,0.0,0.0,1.0
2.0,21.0,2.0,0.0,5302.0,1.0,0.0,2.0,0.0,2.0,2.0,1.0,2.0,1.0,2.0,2.0,1.0,0.0,0.0,1.0,1.0
0.0,2.0,0.0,0.0,3899.0,0.0,2.0,1.0,2.0,1.0,0.0,1.0,0.0,0.0,1.0,0.0,1.0,0.0,0.0,0.0,1.0
1.0,9.0,1.0,3.0,2171.0,0.0,0.0,2.0,2.0,1.0,1.0,0.0,2.0,1.0,1.0,2.0,1.0,0.0,1.0,0.0,0.0
2.0,4.0,2.0,4.0,1213.0,0.0,0.0,3.0,2.0,1.0,0.0,1.0,2.0,1.0,1.0,1.0,1.0,0.0,0.0,1.0,1.0
1.0,12.0,2.0,4.0,1316.0,1.0,1.0,3.0,0.0,3.0,0.0,1.0,2.0,1.0,2.0,2.0,1.0,0.0,0.0,1.0,0.0
1.0,0.0,0.0,7.0,15300.0,0.0,0.0,1.0,2.0,3.0,1.0,1.0,0.0,1.0,2.0,0.0,1.0,1.0,1.0,1.0,1.0
2.0,18.0,1.0,9.0,1169.0,1.0,0.0,4.0,0.0,2.0,2.0,0.0,2.0,0.0,1.0,2.0,1.0,1.0,0.0,1.0,0.0
2.0,48.0,0.0,1.0,8487.0,2.0,1.0,1.0,0.0,4.0,0.0,1.0,2.0,1.0,1.0,1.0,1.0,0.0,0.0,0.0,1.0
2.0,30.0,1.0,0.0,4576.0,1.0,1.0,4.0,0.0,4.0,1.0,0.0,2.0,0.0,2.0,2.0,1.0,1.0,0.0,0.0,1.0
1.0,18.0,2.0,9.0,6199.0,0.0,1.0,4.0,0.0,4.0,1.0,1.0,0.0,1.0,1.0,2.0,1.0,1.0,0.0,1.0,1.0
2.0,6.0,1.0,0.0,1262.0,1.0,1.0,4.0,0.0,2.0,0.0,1.0,2.0,1.0,1.0,2.0,1.0,0.0,0.0,1.0,1.0
2.0,12.0,2.0,4.0,1330.0,1.0,1.0,4.0,0.0,1.0,0.0,1.0,2.0,1.0,1.0,2.0,1.0,0.0,0.0,1.0,1.0
2.0,18.0,2.0,4.0,2279.0,1.0,0.0,4.0,0.0,3.0,2.0,1.0,2.0,1.0,1.0,2.0,1.0,1.0,0.0,1.0,1.0
0.0,2.0,0.0,0.0,8010.0,0.0,0.0,3.0,0.0,1.0,2.0,0.0,0.0,0.0,1.0,0.0,1.0,1.0,0.0,0.0,0.0
1.0,12.0,1.0,0.0,609.0,1.0,2.0,4.0,0.0,2.0,1.0,1.0,2.0,1.0,1.0,2.0,1.0,0.0,0.0,0.0,0.0
2.0,1.0,2.0,9.0,7600.0,0.0,0.0,1.0,0.0,1.0,0.0,0.0,0.0,0.0,4.0,0.0,1.0,0.0,0.0,0.0,0.0
2.0,24.0,1.0,3.0,2051.0,1.0,0.0,2.0,1.0,2.0,0.0,1.0,2.0,1.0,1.0,2.0,1.0,0.0,0.0,1.0,1.0
1.0,24.0,1.0,0.0,1512.0,1.0,0.0,4.0,0.0,2.0,0.0,1.0,2.0,1.0,1.0,1.0,1.0,1.0,0.0,1.0,0.0
0.0,0.0,1.0,0.0,13200.0,0.0,0.0,1.0,0.0,1.0,0.0,0.0,2.0,0.0,1.0,0.0,1.0,0.0,0.0,0.0,0.0
2.0,18.0,1.0,3.0,3062.0,1.0,0.0,3.0,0.0,3.0,2.0,1.0,2.0,1.0,1.0,2.0,1.0,1.0,0.0,1.0,1.0
1.0,60.0,2.0,3.0,4675.0,1.0,1.0,2.0,0.0,4.0,2.0,1.0,2.0,2.0,1.0,2.0,2.0,1.0,0.0,1.0,0.0
1.0,21.0,2.0,4.0,8186.0,1.0,2.0,1.0,0.0,4.0,1.0,1.0,0.0,1.0,2.0,3.0,2.0,1.0,0.0,1.0,0.0
2.0,1.0,0.0,0.0,18800.0,0.0,0.0,1.0,0.0,1.0,1.0,1.0,0.0,0.0,1.0,0.0,1.0,0.0,0.0,0.0,1.0
1.0,12.0,1.0,4.0,629.0,1.0,0.0,4.0,0.0,1.0,1.0,0.0,2.0,1.0,1.0,2.0,1.0,1.0,0.0,0.0,0.0
0.0,3.0,2.0,0.0,6411.0,0.0,2.0,1.0,2.0,4.0,2.0,1.0,1.0,0.0,4.0,0.0,2.0,1.0,1.0,0.0,1.0
0.0,0.0,1.0,1.0,6753.0,0.0,0.0,1.0,0.0,1.0,0.0,1.0,0.0,0.0,1.0,2.0,1.0,0.0,0.0,0.0,1.0
2.0,12.0,2.0,0.0,2384.0,1.0,1.0,1.0,0.0,4.0,2.0,1.0,2.0,1.0,1.0,2.0,1.0,0.0,0.0,1.0,1.0
2.0,24.0,1.0,3.0,1207.0,1.0,2.0,4.0,0.0,2.0,2.0,1.0,2.0,1.0,1.0,2.0,1.0,0.0,0.0,1.0,1.0
1.0,12.0,1.0,7.0,1287.0,1.0,0.0,4.0,0.0,2.0,1.0,1.0,2.0,1.0,1.0,2.0,1.0,0.0,0.0,1.0,1.0
1.0,12.0,1.0,2.0,518.0,1.0,0.0,4.0,0.0,1.0,0.0,1.0,2.0,0.0,1.0,1.0,1.0,1.0,0.0,0.0,0.0
0.0,0.0,2.0,9.0,18612.0,2.0,2.0,1.0,1.0,1.0,0.0,1.0,2.0,2.0,4.0,3.0,2.0,1.0,1.0,0.0,1.0
2.0,12.0,2.0,0.0,1474.0,1.0,1.0,4.0,0.0,2.0,0.0,1.0,2.0,1.0,2.0,2.0,2.0,0.0,0.0,1.0,1.0
2.0,77.0,1.0,0.0,7393.0,2.0,0.0,4.0,0.0,4.0,0.0,1.0,2.0,1.0,2.0,1.0,1.0,0.0,0.0,1.0,1.0
1.0,36.0,1.0,0.0,939.0,1.0,1.0,4.0,0.0,3.0,2.0,1.0,2.0,2.0,1.0,2.0,1.0,1.0,0.0,1.0,0.0
1.0,12.0,1.0,4.0,6078.0,1.0,0.0,4.0,0.0,1.0,2.0,0.0,2.0,1.0,1.0,1.0,1.0,0.0,0.0,1.0,0.0
1.0,12.0,2.0,8.0,2892.0,1.0,1.0,2.0,0.0,4.0,0.0,0.0,2.0,0.0,2.0,2.0,1.0,0.0,0.0,0.0,0.0
1.0,12.0,1.0,0.0,976.0,1.0,1.0,4.0,0.0,4.0,2.0,1.0,2.0,1.0,1.0,2.0,1.0,1.0,0.0,1.0,1.0
1.0,24.0,1.0,0.0,1512.0,1.0,0.0,3.0,0.0,2.0,2.0,1.0,2.0,1.0,1.0,2.0,1.0,0.0,0.0,1.0,0.0
2.0,12.0,2.0,9.0,13416.0,0.0,2.0,1.0,1.0,4.0,1.0,1.0,2.0,2.0,1.0,3.0,1.0,1.0,1.0,1.0,1.0
0.0,0.0,0.0,0.0,15000.0,0.0,0.0,1.0,0.0,1.0,0.0,1.0,0.0,0.0,1.0,0.0,1.0,0.0,0.0,0.0,1.0
0.0,2.0,2.0,4.0,10250.0,2.0,2.0,3.0,2.0,4.0,1.0,1.0,2.0,2.0,4.0,3.0,2.0,1.0,0.0,1.0,1.0
1.0,24.0,1.0,4.0,2662.0,1.0,0.0,4.0,0.0,4.0,2.0,1.0,2.0,1.0,1.0,2.0,1.0,1.0,0.0,1.0,0.0
2.0,24.0,1.0,3.0,1967.0,0.0,0.0,4.0,0.0,4.0,0.0,1.0,2.0,1.0,1.0,2.0,1.0,0.0,0.0,1.0,1.0
2.0,0.0,0.0,9.0,8010.0,1.0,0.0,3.0,1.0,1.0,0.0,1.0,2.0,0.0,4.0,2.0,1.0,0.0,1.0,0.0,1.0
2.0,24.0,0.0,2.0,2288.0,1.0,2.0,2.0,0.0,4.0,2.0,1.0,2.0,1.0,2.0,3.0,1.0,1.0,0.0,1.0,1.0
1.0,12.0,1.0,1.0,1168.0,1.0,0.0,4.0,1.0,2.0,1.0,1.0,2.0,1.0,1.0,2.0,1.0,0.0,0.0,0.0,1.0
1.0,9.0,1.0,7.0,1231.0,1.0,0.0,4.0,0.0,2.0,2.0,1.0,2.0,1.0,1.0,2.0,1.0,0.0,0.0,1.0,1.0
1.0,48.0,1.0,9.0,6110.0,1.0,0.0,4.0,0.0,2.0,2.0,1.0,1.0,1.0,1.0,3.0,2.0,0.0,0.0,1.0,1.0
1.0,24.0,1.0,4.0,1345.0,1.0,0.0,4.0,0.0,1.0,0.0,0.0,2.0,1.0,1.0,2.0,1.0,0.0,0.0,1.0,0.0
1.0,12.0,1.0,0.0,1331.0,1.0,1.0,4.0,0.0,4.0,0.0,1.0,2.0,1.0,1.0,1.0,1.0,1.0,0.0,1.0,1.0
1.0,12.0,1.0,0.0,1213.0,2.0,0.0,1.0,0.0,4.0,0.0,1.0,2.0,1.0,1.0,2.0,1.0,0.0,1.0,1.0,1.0
1.0,24.0,1.0,4.0,589.0,1.0,0.0,4.0,1.0,4.0,2.0,1.0,2.0,0.0,1.0,2.0,1.0,1.0,0.0,0.0,0.0
2.0,30.0,1.0,3.0,7238.0,1.0,1.0,4.0,0.0,1.0,2.0,1.0,2.0,1.0,2.0,2.0,1.0,0.0,0.0,1.0,1.0
2.0,16.0,1.0,9.0,16147.0,2.0,1.0,1.0,0.0,4.0,1.0,1.0,2.0,1.0,1.0,0.0,1.0,1.0,1.0,1.0,1.0
0.0,12.0,1.0,0.0,6260.0,0.0,2.0,1.0,0.0,4.0,2.0,1.0,0.0,0.0,1.0,0.0,2.0,0.0,0.0,0.0,1.0
1.0,24.0,1.0,7.0,874.0,2.0,1.0,4.0,0.0,4.0,2.0,1.0,2.0,1.0,1.0,2.0,1.0,0.0,0.0,1.0,0.0
1.0,24.0,1.0,4.0,2375.0,1.0,0.0,4.0,0.0,2.0,1.0,1.0,1.0,1.0,1.0,2.0,1.0,0.0,0.0,1.0,0.0
1.0,36.0,1.0,1.0,6331.0,1.0,0.0,4.0,0.0,2.0,1.0,1.0,2.0,1.0,2.0,2.0,1.0,0.0,0.0,1.0,1.0
1.0,18.0,1.0,0.0,6288.0,1.0,0.0,4.0,0.0,2.0,1.0,1.0,2.0,1.0,2.0,2.0,1.0,1.0,0.0,1.0,1.0
1.0,12.0,1.0,0.0,1282.0,1.0,0.0,4.0,0.0,3.0,1.0,1.0,2.0,1.0,1.0,2.0,1.0,0.0,0.0,1.0,1.0
2.0,12.0,1.0,5.0,1410.0,1.0,0.0,1.0,0.0,4.0,0.0,1.0,2.0,1.0,1.0,2.0,1.0,1.0,0.0,1.0,1.0
0.0,0.0,0.0,0.0,13200.0,0.0,0.0,1.0,0.0,4.0,0.0,0.0,0.0,0.0,1.0,0.0,1.0,0.0,0.0,1.0,0.0
2.0,24.0,1.0,4.0,1842.0,1.0,1.0,4.0,0.0,4.0,2.0,1.0,2.0,1.0,1.0,2.0,1.0,1.0,0.0,1.0,1.0
1.0,30.0,1.0,4.0,2247.0,0.0,1.0,4.0,0.0,2.0,0.0,1.0,2.0,1.0,1.0,2.0,1.0,0.0,0.0,1.0,1.0
1.0,9.0,1.0,0.0,1388.0,0.0,1.0,2.0,0.0,3.0,2.0,1.0,2.0,1.0,1.0,2.0,1.0,0.0,0.0,0.0,1.0
1.0,12.0,1.0,4.0,781.0,1.0,0.0,4.0,0.0,1.0,2.0,1.0,2.0,1.0,1.0,2.0,1.0,0.0,0.0,1.0,1.0
0.0,1.0,0.0,0.0,6642.0,0.0,0.0,1.0,0.0,3.0,1.0,1.0,0.0,1.0,1.0,1.0,2.0,0.0,0.0,0.0,1.0
0.0,0.0,0.0,0.0,7100.0,2.0,0.0,2.0,0.0,4.0,0.0,0.0,0.0,0.0,1.0,0.0,1.0,0.0,0.0,0.0,0.0
2.0,24.0,1.0,4.0,1155.0,1.0,2.0,4.0,0.0,3.0,3.0,1.0,0.0,1.0,1.0,3.0,1.0,1.0,0.0,1.0,1.0
1.0,36.0,2.0,3.0,2155.0,1.0,1.0,4.0,0.0,3.0,2.0,1.0,2.0,1.0,2.0,2.0,1.0,0.0,0.0,1.0,0.0
0.0,30.0,1.0,4.0,3394.0,2.0,0.0,2.0,1.0,4.0,2.0,1.0,2.0,1.0,1.0,2.0,1.0,0.0,0.0,0.0,1.0
2.0,0.0,2.0,8.0,15308.0,2.0,2.0,1.0,2.0,1.0,0.0,1.0,2.0,2.0,4.0,3.0,1.0,1.0,1.0,1.0,1.0
1.0,9.0,1.0,9.0,12579.0,1.0,0.0,3.0,0.0,4.0,2.0,1.0,2.0,1.0,1.0,2.0,1.0,0.0,0.0,0.0,0.0
0.0,0.0,1.0,0.0,13161.0,0.0,0.0,1.0,2.0,1.0,1.0,0.0,0.0,1.0,4.0,3.0,2.0,1.0,0.0,0.0,0.0
1.0,12.0,1.0,0.0,1262.0,1.0,0.0,4.0,0.0,4.0,2.0,1.0,2.0,1.0,1.0,1.0,2.0,0.0,0.0,0.0,1.0
2.0,12.0,2.0,4.0,717.0,1.0,1.0,4.0,0.0,4.0,3.0,1.0,2.0,2.0,2.0,2.0,2.0,0.0,0.0,1.0,1.0
2.0,0.0,1.0,9.0,12500.0,0.0,1.0,3.0,2.0,4.0,2.0,0.0,0.0,0.0,4.0,0.0,2.0,1.0,0.0,0.0,0.0
2.0,12.0,2.0,0.0,895.0,2.0,0.0,4.0,0.0,2.0,3.0,1.0,2.0,2.0,1.0,2.0,1.0,1.0,0.0,1.0,1.0
1.0,6.0,1.0,4.0,609.0,1.0,0.0,1.0,0.0,4.0,2.0,1.0,2.0,1.0,1.0,1.0,1.0,0.0,0.0,1.0,1.0
2.0,0.0,0.0,9.0,14300.0,2.0,2.0,1.0,2.0,1.0,0.0,1.0,2.0,2.0,4.0,3.0,2.0,1.0,0.0,1.0,1.0
1.0,6.0,1.0,4.0,13606.0,0.0,0.0,4.0,2.0,2.0,0.0,1.0,2.0,1.0,1.0,0.0,1.0,1.0,1.0,1.0,1.0
0.0,12.0,1.0,0.0,2901.0,0.0,0.0,1.0,0.0,1.0,2.0,1.0,0.0,0.0,1.0,0.0,2.0,1.0,0.0,0.0,1.0
1.0,24.0,1.0,0.0,3249.0,1.0,0.0,4.0,0.0,4.0,1.0,1.0,2.0,1.0,1.0,2.0,2.0,1.0,0.0,0.0,0.0
2.0,24.0,1.0,3.0,1817.0,2.0,1.0,4.0,0.0,2.0,3.0,1.0,2.0,1.0,1.0,2.0,2.0,0.0,0.0,1.0,1.0
2.0,21.0,2.0,1.0,571.0,2.0,1.0,2.0,0.0,2.0,2.0,1.0,2.0,1.0,2.0,2.0,1.0,1.0,0.0,0.0,0.0
1.0,0.0,2.0,9.0,18800.0,2.0,2.0,1.0,0.0,1.0,2.0,1.0,2.0,2.0,1.0,0.0,1.0,1.0,0.0,1.0,1.0
1.0,24.0,1.0,2.0,1413.0,2.0,0.0,4.0,0.0,4.0,3.0,1.0,2.0,1.0,1.0,2.0,1.0,0.0,0.0,1.0,1.0
0.0,1.0,0.0,0.0,7951.0,0.0,0.0,1.0,0.0,3.0,1.0,0.0,0.0,0.0,1.0,0.0,1.0,0.0,0.0,0.0,0.0
0.0,12.0,1.0,0.0,8133.0,0.0,1.0,4.0,0.0,3.0,2.0,1.0,2.0,1.0,1.0,2.0,1.0,0.0,0.0,1.0,0.0
0.0,18.0,0.0,0.0,4199.0,0.0,0.0,1.0,0.0,3.0,0.0,1.0,0.0,0.0,2.0,0.0,2.0,0.0,0.0,0.0,1.0
2.0,18.0,1.0,4.0,1217.0,1.0,0.0,4.0,0.0,1.0,1.0,0.0,2.0,0.0,1.0,2.0,1.0,0.0,0.0,0.0,0.0
0.0,0.0,0.0,9.0,13200.0,0.0,0.0,1.0,1.0,1.0,0.0,0.0,2.0,1.0,4.0,0.0,1.0,0.0,1.0,0.0,0.0
2.0,9.0,2.0,3.0,1442.0,2.0,1.0,4.0,0.0,4.0,2.0,1.0,2.0,1.0,1.0,2.0,1.0,0.0,0.0,1.0,1.0
1.0,18.0,1.0,4.0,1285.0,1.0,0.0,2.0,0.0,4.0,0.0,1.0,0.0,1.0,1.0,1.0,1.0,1.0,0.0,1.0,1.0
1.0,15.0,1.0,0.0,1887.0,1.0,0.0,4.0,0.0,4.0,2.0,0.0,2.0,1.0,1.0,2.0,1.0,1.0,0.0,0.0,0.0
